Diplotype	Score	Phenotype
*1/*2	n/a	IM
*1/*3	n/a	IM
*1/*4	n/a	IM
*1/*5	n/a	IM
*1/*6	n/a	IM
*1/*7	n/a	IM
*1/*8	n/a	IM
*1/*22	n/a	IM
*1/*24	n/a	IM
*1/*35	n/a	IM
*1/*36	n/a	IM
*1/*37	n/a	IM
*2/*11	n/a	IM
*2/*13	n/a	IM
*2/*15	n/a	IM
*2/*17	n/a	IM
*2/*18	n/a	IM
*2/*28	n/a	IM
*3/*11	n/a	IM
*3/*13	n/a	IM
*3/*15	n/a	IM
*3/*17	n/a	IM
*3/*18	n/a	IM
*3/*28	n/a	IM
*4/*11	n/a	IM
*4/*13	n/a	IM
*4/*15	n/a	IM
*4/*17	n/a	IM
*4/*18	n/a	IM
*4/*28	n/a	IM
*5/*11	n/a	IM
*5/*13	n/a	IM
*5/*15	n/a	IM
*5/*17	n/a	IM
*5/*18	n/a	IM
*5/*28	n/a	IM
*6/*11	n/a	IM
*6/*13	n/a	IM
*6/*15	n/a	IM
*6/*17	n/a	IM
*6/*18	n/a	IM
*6/*28	n/a	IM
*7/*11	n/a	IM
*7/*13	n/a	IM
*7/*15	n/a	IM
*7/*17	n/a	IM
*7/*18	n/a	IM
*7/*28	n/a	IM
*8/*11	n/a	IM
*8/*13	n/a	IM
*8/*15	n/a	IM
*8/*17	n/a	IM
*8/*18	n/a	IM
*8/*28	n/a	IM
*11/*22	n/a	IM
*11/*24	n/a	IM
*11/*35	n/a	IM
*11/*36	n/a	IM
*11/*37	n/a	IM
*13/*22	n/a	IM
*13/*24	n/a	IM
*13/*35	n/a	IM
*13/*36	n/a	IM
*13/*37	n/a	IM
*15/*22	n/a	IM
*15/*24	n/a	IM
*15/*35	n/a	IM
*15/*36	n/a	IM
*15/*37	n/a	IM
*17/*22	n/a	IM
*17/*24	n/a	IM
*17/*35	n/a	IM
*17/*36	n/a	IM
*17/*37	n/a	IM
*18/*22	n/a	IM
*18/*24	n/a	IM
*18/*35	n/a	IM
*18/*36	n/a	IM
*18/*37	n/a	IM
*22/*28	n/a	IM
*24/*28	n/a	IM
*28/*35	n/a	IM
*28/*36	n/a	IM
*28/*37	n/a	IM
*1/*1	n/a	NM
*1/*11	n/a	NM
*1/*13	n/a	NM
*1/*15	n/a	NM
*1/*18	n/a	NM
*1/*28	n/a	NM
*11/*11	n/a	NM
*11/*13	n/a	NM
*11/*15	n/a	NM
*11/*18	n/a	NM
*11/*28	n/a	NM
*13/*13	n/a	NM
*13/*15	n/a	NM
*13/*18	n/a	NM
*13/*28	n/a	NM
*15/*15	n/a	NM
*15/*18	n/a	NM
*15/*28	n/a	NM
*18/*18	n/a	NM
*18/*28	n/a	NM
*28/*28	n/a	NM
*2/*2	n/a	PM
*2/*3	n/a	PM
*2/*4	n/a	PM
*2/*5	n/a	PM
*2/*6	n/a	PM
*2/*7	n/a	PM
*2/*8	n/a	PM
*2/*22	n/a	PM
*2/*24	n/a	PM
*2/*35	n/a	PM
*2/*36	n/a	PM
*2/*37	n/a	PM
*3/*3	n/a	PM
*3/*4	n/a	PM
*3/*5	n/a	PM
*3/*6	n/a	PM
*3/*7	n/a	PM
*3/*8	n/a	PM
*3/*22	n/a	PM
*3/*24	n/a	PM
*3/*35	n/a	PM
*3/*36	n/a	PM
*3/*37	n/a	PM
*4/*4	n/a	PM
*4/*5	n/a	PM
*4/*6	n/a	PM
*4/*7	n/a	PM
*4/*8	n/a	PM
*4/*22	n/a	PM
*4/*24	n/a	PM
*4/*35	n/a	PM
*4/*36	n/a	PM
*4/*37	n/a	PM
*5/*5	n/a	PM
*5/*6	n/a	PM
*5/*7	n/a	PM
*5/*8	n/a	PM
*5/*22	n/a	PM
*5/*24	n/a	PM
*5/*35	n/a	PM
*5/*36	n/a	PM
*5/*37	n/a	PM
*6/*6	n/a	PM
*6/*7	n/a	PM
*6/*8	n/a	PM
*6/*22	n/a	PM
*6/*24	n/a	PM
*6/*35	n/a	PM
*6/*36	n/a	PM
*6/*37	n/a	PM
*7/*7	n/a	PM
*7/*8	n/a	PM
*7/*22	n/a	PM
*7/*24	n/a	PM
*7/*35	n/a	PM
*7/*36	n/a	PM
*7/*37	n/a	PM
*8/*8	n/a	PM
*8/*22	n/a	PM
*8/*24	n/a	PM
*8/*35	n/a	PM
*8/*36	n/a	PM
*8/*37	n/a	PM
*22/*22	n/a	PM
*22/*24	n/a	PM
*22/*35	n/a	PM
*22/*36	n/a	PM
*22/*37	n/a	PM
*24/*24	n/a	PM
*24/*35	n/a	PM
*24/*36	n/a	PM
*24/*37	n/a	PM
*35/*35	n/a	PM
*35/*36	n/a	PM
*35/*37	n/a	PM
*36/*36	n/a	PM
*36/*37	n/a	PM
*37/*37	n/a	PM
*1/*9	n/a	LIM
*1/*10	n/a	LIM
*1/*16	n/a	LIM
*1/*19	n/a	LIM
*1/*25	n/a	LIM
*1/*26	n/a	LIM
*9/*9	n/a	LIM
*9/*10	n/a	LIM
*9/*11	n/a	LIM
*9/*13	n/a	LIM
*9/*15	n/a	LIM
*9/*16	n/a	LIM
*9/*17	n/a	LIM
*9/*18	n/a	LIM
*9/*19	n/a	LIM
*9/*25	n/a	LIM
*9/*26	n/a	LIM
*9/*28	n/a	LIM
*10/*10	n/a	LIM
*10/*11	n/a	LIM
*10/*13	n/a	LIM
*10/*15	n/a	LIM
*10/*16	n/a	LIM
*10/*17	n/a	LIM
*10/*18	n/a	LIM
*10/*19	n/a	LIM
*10/*25	n/a	LIM
*10/*26	n/a	LIM
*10/*28	n/a	LIM
*11/*16	n/a	LIM
*11/*19	n/a	LIM
*11/*25	n/a	LIM
*11/*26	n/a	LIM
*13/*16	n/a	LIM
*13/*19	n/a	LIM
*13/*25	n/a	LIM
*13/*26	n/a	LIM
*15/*16	n/a	LIM
*15/*19	n/a	LIM
*15/*25	n/a	LIM
*15/*26	n/a	LIM
*16/*16	n/a	LIM
*16/*17	n/a	LIM
*16/*18	n/a	LIM
*16/*19	n/a	LIM
*16/*25	n/a	LIM
*16/*26	n/a	LIM
*16/*28	n/a	LIM
*17/*19	n/a	LIM
*17/*25	n/a	LIM
*17/*26	n/a	LIM
*18/*19	n/a	LIM
*18/*25	n/a	LIM
*18/*26	n/a	LIM
*19/*19	n/a	LIM
*19/*25	n/a	LIM
*19/*26	n/a	LIM
*19/*28	n/a	LIM
*25/*25	n/a	LIM
*25/*26	n/a	LIM
*25/*28	n/a	LIM
*26/*26	n/a	LIM
*26/*28	n/a	LIM
*2/*9	n/a	LPM
*2/*10	n/a	LPM
*2/*16	n/a	LPM
*2/*19	n/a	LPM
*2/*25	n/a	LPM
*2/*26	n/a	LPM
*3/*9	n/a	LPM
*3/*10	n/a	LPM
*3/*16	n/a	LPM
*3/*19	n/a	LPM
*3/*25	n/a	LPM
*3/*26	n/a	LPM
*4/*9	n/a	LPM
*4/*10	n/a	LPM
*4/*16	n/a	LPM
*4/*19	n/a	LPM
*4/*25	n/a	LPM
*4/*26	n/a	LPM
*5/*9	n/a	LPM
*5/*10	n/a	LPM
*5/*16	n/a	LPM
*5/*19	n/a	LPM
*5/*25	n/a	LPM
*5/*26	n/a	LPM
*6/*9	n/a	LPM
*6/*10	n/a	LPM
*6/*16	n/a	LPM
*6/*19	n/a	LPM
*6/*25	n/a	LPM
*6/*26	n/a	LPM
*7/*9	n/a	LPM
*7/*10	n/a	LPM
*7/*16	n/a	LPM
*7/*19	n/a	LPM
*7/*25	n/a	LPM
*7/*26	n/a	LPM
*8/*9	n/a	LPM
*8/*10	n/a	LPM
*8/*16	n/a	LPM
*8/*19	n/a	LPM
*8/*25	n/a	LPM
*8/*26	n/a	LPM
*9/*22	n/a	LPM
*9/*24	n/a	LPM
*9/*35	n/a	LPM
*9/*36	n/a	LPM
*9/*37	n/a	LPM
*10/*22	n/a	LPM
*10/*24	n/a	LPM
*10/*35	n/a	LPM
*10/*36	n/a	LPM
*10/*37	n/a	LPM
*16/*22	n/a	LPM
*16/*24	n/a	LPM
*16/*35	n/a	LPM
*16/*36	n/a	LPM
*16/*37	n/a	LPM
*19/*22	n/a	LPM
*19/*24	n/a	LPM
*19/*35	n/a	LPM
*19/*36	n/a	LPM
*19/*37	n/a	LPM
*22/*25	n/a	LPM
*22/*26	n/a	LPM
*24/*25	n/a	LPM
*24/*26	n/a	LPM
*25/*35	n/a	LPM
*25/*36	n/a	LPM
*25/*37	n/a	LPM
*26/*35	n/a	LPM
*26/*36	n/a	LPM
*26/*37	n/a	LPM
*1/*17	n/a	RM
*11/*17	n/a	RM
*13/*17	n/a	RM
*15/*17	n/a	RM
*17/*18	n/a	RM
*17/*28	n/a	RM
*17/*17	n/a	RM
*1/*12	n/a	Indeterminate
*1/*14	n/a	Indeterminate
*1/*23	n/a	Indeterminate
*1/*29	n/a	Indeterminate
*1/*30	n/a	Indeterminate
*1/*31	n/a	Indeterminate
*1/*32	n/a	Indeterminate
*1/*33	n/a	Indeterminate
*1/*34	n/a	Indeterminate
*2/*12	n/a	Indeterminate
*2/*14	n/a	Indeterminate
*2/*23	n/a	Indeterminate
*2/*29	n/a	Indeterminate
*2/*30	n/a	Indeterminate
*2/*31	n/a	Indeterminate
*2/*32	n/a	Indeterminate
*2/*33	n/a	Indeterminate
*2/*34	n/a	Indeterminate
*3/*12	n/a	Indeterminate
*3/*14	n/a	Indeterminate
*3/*23	n/a	Indeterminate
*3/*29	n/a	Indeterminate
*3/*30	n/a	Indeterminate
*3/*31	n/a	Indeterminate
*3/*32	n/a	Indeterminate
*3/*33	n/a	Indeterminate
*3/*34	n/a	Indeterminate
*4/*12	n/a	Indeterminate
*4/*14	n/a	Indeterminate
*4/*23	n/a	Indeterminate
*4/*29	n/a	Indeterminate
*4/*30	n/a	Indeterminate
*4/*31	n/a	Indeterminate
*4/*32	n/a	Indeterminate
*4/*33	n/a	Indeterminate
*4/*34	n/a	Indeterminate
*5/*12	n/a	Indeterminate
*5/*14	n/a	Indeterminate
*5/*23	n/a	Indeterminate
*5/*29	n/a	Indeterminate
*5/*30	n/a	Indeterminate
*5/*31	n/a	Indeterminate
*5/*32	n/a	Indeterminate
*5/*33	n/a	Indeterminate
*5/*34	n/a	Indeterminate
*6/*12	n/a	Indeterminate
*6/*14	n/a	Indeterminate
*6/*23	n/a	Indeterminate
*6/*29	n/a	Indeterminate
*6/*30	n/a	Indeterminate
*6/*31	n/a	Indeterminate
*6/*32	n/a	Indeterminate
*6/*33	n/a	Indeterminate
*6/*34	n/a	Indeterminate
*7/*12	n/a	Indeterminate
*7/*14	n/a	Indeterminate
*7/*23	n/a	Indeterminate
*7/*29	n/a	Indeterminate
*7/*30	n/a	Indeterminate
*7/*31	n/a	Indeterminate
*7/*32	n/a	Indeterminate
*7/*33	n/a	Indeterminate
*7/*34	n/a	Indeterminate
*8/*12	n/a	Indeterminate
*8/*14	n/a	Indeterminate
*8/*23	n/a	Indeterminate
*8/*29	n/a	Indeterminate
*8/*30	n/a	Indeterminate
*8/*31	n/a	Indeterminate
*8/*32	n/a	Indeterminate
*8/*33	n/a	Indeterminate
*8/*34	n/a	Indeterminate
*9/*12	n/a	Indeterminate
*9/*14	n/a	Indeterminate
*9/*23	n/a	Indeterminate
*9/*29	n/a	Indeterminate
*9/*30	n/a	Indeterminate
*9/*31	n/a	Indeterminate
*9/*32	n/a	Indeterminate
*9/*33	n/a	Indeterminate
*9/*34	n/a	Indeterminate
*10/*12	n/a	Indeterminate
*10/*14	n/a	Indeterminate
*10/*23	n/a	Indeterminate
*10/*29	n/a	Indeterminate
*10/*30	n/a	Indeterminate
*10/*31	n/a	Indeterminate
*10/*32	n/a	Indeterminate
*10/*33	n/a	Indeterminate
*10/*34	n/a	Indeterminate
*11/*12	n/a	Indeterminate
*11/*14	n/a	Indeterminate
*11/*23	n/a	Indeterminate
*11/*29	n/a	Indeterminate
*11/*30	n/a	Indeterminate
*11/*31	n/a	Indeterminate
*11/*32	n/a	Indeterminate
*11/*33	n/a	Indeterminate
*11/*34	n/a	Indeterminate
*12/*12	n/a	Indeterminate
*12/*13	n/a	Indeterminate
*12/*14	n/a	Indeterminate
*12/*15	n/a	Indeterminate
*12/*16	n/a	Indeterminate
*12/*17	n/a	Indeterminate
*12/*18	n/a	Indeterminate
*12/*19	n/a	Indeterminate
*12/*22	n/a	Indeterminate
*12/*23	n/a	Indeterminate
*12/*24	n/a	Indeterminate
*12/*25	n/a	Indeterminate
*12/*26	n/a	Indeterminate
*12/*28	n/a	Indeterminate
*12/*29	n/a	Indeterminate
*12/*30	n/a	Indeterminate
*12/*31	n/a	Indeterminate
*12/*32	n/a	Indeterminate
*12/*33	n/a	Indeterminate
*12/*34	n/a	Indeterminate
*12/*35	n/a	Indeterminate
*12/*36	n/a	Indeterminate
*12/*37	n/a	Indeterminate
*13/*14	n/a	Indeterminate
*13/*23	n/a	Indeterminate
*13/*29	n/a	Indeterminate
*13/*30	n/a	Indeterminate
*13/*31	n/a	Indeterminate
*13/*32	n/a	Indeterminate
*13/*33	n/a	Indeterminate
*13/*34	n/a	Indeterminate
*14/*14	n/a	Indeterminate
*14/*15	n/a	Indeterminate
*14/*16	n/a	Indeterminate
*14/*17	n/a	Indeterminate
*14/*18	n/a	Indeterminate
*14/*19	n/a	Indeterminate
*14/*22	n/a	Indeterminate
*14/*23	n/a	Indeterminate
*14/*24	n/a	Indeterminate
*14/*25	n/a	Indeterminate
*14/*26	n/a	Indeterminate
*14/*28	n/a	Indeterminate
*14/*29	n/a	Indeterminate
*14/*30	n/a	Indeterminate
*14/*31	n/a	Indeterminate
*14/*32	n/a	Indeterminate
*14/*33	n/a	Indeterminate
*14/*34	n/a	Indeterminate
*14/*35	n/a	Indeterminate
*14/*36	n/a	Indeterminate
*14/*37	n/a	Indeterminate
*15/*23	n/a	Indeterminate
*15/*29	n/a	Indeterminate
*15/*30	n/a	Indeterminate
*15/*31	n/a	Indeterminate
*15/*32	n/a	Indeterminate
*15/*33	n/a	Indeterminate
*15/*34	n/a	Indeterminate
*16/*23	n/a	Indeterminate
*16/*29	n/a	Indeterminate
*16/*30	n/a	Indeterminate
*16/*31	n/a	Indeterminate
*16/*32	n/a	Indeterminate
*16/*33	n/a	Indeterminate
*16/*34	n/a	Indeterminate
*17/*23	n/a	Indeterminate
*17/*29	n/a	Indeterminate
*17/*30	n/a	Indeterminate
*17/*31	n/a	Indeterminate
*17/*32	n/a	Indeterminate
*17/*33	n/a	Indeterminate
*17/*34	n/a	Indeterminate
*18/*23	n/a	Indeterminate
*18/*29	n/a	Indeterminate
*18/*30	n/a	Indeterminate
*18/*31	n/a	Indeterminate
*18/*32	n/a	Indeterminate
*18/*33	n/a	Indeterminate
*18/*34	n/a	Indeterminate
*19/*23	n/a	Indeterminate
*19/*29	n/a	Indeterminate
*19/*30	n/a	Indeterminate
*19/*31	n/a	Indeterminate
*19/*32	n/a	Indeterminate
*19/*33	n/a	Indeterminate
*19/*34	n/a	Indeterminate
*22/*23	n/a	Indeterminate
*22/*29	n/a	Indeterminate
*22/*30	n/a	Indeterminate
*22/*31	n/a	Indeterminate
*22/*32	n/a	Indeterminate
*22/*33	n/a	Indeterminate
*22/*34	n/a	Indeterminate
*23/*23	n/a	Indeterminate
*23/*24	n/a	Indeterminate
*23/*25	n/a	Indeterminate
*23/*26	n/a	Indeterminate
*23/*28	n/a	Indeterminate
*23/*29	n/a	Indeterminate
*23/*30	n/a	Indeterminate
*23/*31	n/a	Indeterminate
*23/*32	n/a	Indeterminate
*23/*33	n/a	Indeterminate
*23/*34	n/a	Indeterminate
*23/*35	n/a	Indeterminate
*23/*36	n/a	Indeterminate
*23/*37	n/a	Indeterminate
*24/*29	n/a	Indeterminate
*24/*30	n/a	Indeterminate
*24/*31	n/a	Indeterminate
*24/*32	n/a	Indeterminate
*24/*33	n/a	Indeterminate
*24/*34	n/a	Indeterminate
*25/*29	n/a	Indeterminate
*25/*30	n/a	Indeterminate
*25/*31	n/a	Indeterminate
*25/*32	n/a	Indeterminate
*25/*33	n/a	Indeterminate
*25/*34	n/a	Indeterminate
*26/*29	n/a	Indeterminate
*26/*30	n/a	Indeterminate
*26/*31	n/a	Indeterminate
*26/*32	n/a	Indeterminate
*26/*33	n/a	Indeterminate
*26/*34	n/a	Indeterminate
*28/*29	n/a	Indeterminate
*28/*30	n/a	Indeterminate
*28/*31	n/a	Indeterminate
*28/*32	n/a	Indeterminate
*28/*33	n/a	Indeterminate
*28/*34	n/a	Indeterminate
*29/*29	n/a	Indeterminate
*29/*30	n/a	Indeterminate
*29/*31	n/a	Indeterminate
*29/*32	n/a	Indeterminate
*29/*33	n/a	Indeterminate
*29/*34	n/a	Indeterminate
*29/*35	n/a	Indeterminate
*29/*36	n/a	Indeterminate
*29/*37	n/a	Indeterminate
*30/*30	n/a	Indeterminate
*30/*31	n/a	Indeterminate
*30/*32	n/a	Indeterminate
*30/*33	n/a	Indeterminate
*30/*34	n/a	Indeterminate
*30/*35	n/a	Indeterminate
*30/*36	n/a	Indeterminate
*30/*37	n/a	Indeterminate
*31/*31	n/a	Indeterminate
*31/*32	n/a	Indeterminate
*31/*33	n/a	Indeterminate
*31/*34	n/a	Indeterminate
*31/*35	n/a	Indeterminate
*31/*36	n/a	Indeterminate
*31/*37	n/a	Indeterminate
*32/*32	n/a	Indeterminate
*32/*33	n/a	Indeterminate
*32/*34	n/a	Indeterminate
*32/*35	n/a	Indeterminate
*32/*36	n/a	Indeterminate
*32/*37	n/a	Indeterminate
*33/*33	n/a	Indeterminate
*33/*34	n/a	Indeterminate
*33/*35	n/a	Indeterminate
*33/*36	n/a	Indeterminate
*33/*37	n/a	Indeterminate
*34/*34	n/a	Indeterminate
*34/*35	n/a	Indeterminate
*34/*36	n/a	Indeterminate
*34/*37	n/a	Indeterminate
