Diplotype	Activity_Score	Phenotype
*2/*41	0	EM
*41/*2	0	EM
*3/*3	0	PM
*3/*3xN	0	PM
*3/*4	0	PM
*3/*4xN	0	PM
*3/*5	0	PM
*3/*6	0	PM
*3/*6xN	0	PM
*3/*7	0	PM
*3/*8	0	PM
*3/*11	0	PM
*3/*12	0	PM
*3/*13	0	PM
*3/*114	0	PM
*3/*15	0	PM
*3/*18	0	PM
*3/*19	0	PM
*3/*20	0	PM
*3/*21	0	PM
*3/*31	0	PM
*3/*36	0	PM
*3/*36xN	0	PM
*3/*38	0	PM
*3/*40	0	PM
*3/*42	0	PM
*3/*44	0	PM
*3/*47	0	PM
*3/*51	0	PM
*3/*56	0	PM
*3/*57	0	PM
*3/*60	0	PM
*3/*62	0	PM
*3/*68	0	PM
*3/*69	0	PM
*3/*92	0	PM
*3/*96	0	PM
*3/*99	0	PM
*3/*100	0	PM
*3/*101	0	PM
*3xN/*3xN	0	PM
*3xN/*4	0	PM
*3xN/*4xN	0	PM
*3xN/*5	0	PM
*3xN/*6	0	PM
*3xN/*6xN	0	PM
*3xN/*7	0	PM
*3xN/*8	0	PM
*3xN/*11	0	PM
*3xN/*12	0	PM
*3xN/*13	0	PM
*3xN/*114	0	PM
*3xN/*15	0	PM
*3xN/*18	0	PM
*3xN/*19	0	PM
*3xN/*20	0	PM
*3xN/*21	0	PM
*3xN/*31	0	PM
*3xN/*36	0	PM
*3xN/*36xN	0	PM
*3xN/*38	0	PM
*3xN/*40	0	PM
*3xN/*42	0	PM
*3xN/*44	0	PM
*3xN/*47	0	PM
*3xN/*51	0	PM
*3xN/*56	0	PM
*3xN/*57	0	PM
*3xN/*60	0	PM
*3xN/*62	0	PM
*3xN/*68	0	PM
*3xN/*69	0	PM
*3xN/*92	0	PM
*3xN/*96	0	PM
*3xN/*99	0	PM
*3xN/*100	0	PM
*3xN/*101	0	PM
*4/*4	0	PM
*4/*4xN	0	PM
*4/*5	0	PM
*4/*6	0	PM
*4/*6xN	0	PM
*4/*7	0	PM
*4/*8	0	PM
*4/*11	0	PM
*4/*12	0	PM
*4/*13	0	PM
*4/*114	0	PM
*4/*15	0	PM
*4/*18	0	PM
*4/*19	0	PM
*4/*20	0	PM
*4/*21	0	PM
*4/*31	0	PM
*4/*36	0	PM
*4/*36xN	0	PM
*4/*38	0	PM
*4/*40	0	PM
*4/*42	0	PM
*4/*44	0	PM
*4/*47	0	PM
*4/*51	0	PM
*4/*56	0	PM
*4/*57	0	PM
*4/*60	0	PM
*4/*62	0	PM
*4/*68	0	PM
*4/*69	0	PM
*4/*92	0	PM
*4/*96	0	PM
*4/*99	0	PM
*4/*100	0	PM
*4/*101	0	PM
*4xN/*4xN	0	PM
*4xN/*5	0	PM
*4xN/*6	0	PM
*4xN/*6xN	0	PM
*4xN/*7	0	PM
*4xN/*8	0	PM
*4xN/*11	0	PM
*4xN/*12	0	PM
*4xN/*13	0	PM
*4xN/*114	0	PM
*4xN/*15	0	PM
*4xN/*18	0	PM
*4xN/*19	0	PM
*4xN/*20	0	PM
*4xN/*21	0	PM
*4xN/*31	0	PM
*4xN/*36	0	PM
*4xN/*36xN	0	PM
*4xN/*38	0	PM
*4xN/*40	0	PM
*4xN/*42	0	PM
*4xN/*44	0	PM
*4xN/*47	0	PM
*4xN/*51	0	PM
*4xN/*56	0	PM
*4xN/*57	0	PM
*4xN/*60	0	PM
*4xN/*62	0	PM
*4xN/*68	0	PM
*4xN/*69	0	PM
*4xN/*92	0	PM
*4xN/*96	0	PM
*4xN/*99	0	PM
*4xN/*100	0	PM
*4xN/*101	0	PM
*5/*5	0	PM
*5/*6	0	PM
*5/*6xN	0	PM
*5/*7	0	PM
*5/*8	0	PM
*5/*11	0	PM
*5/*12	0	PM
*5/*13	0	PM
*5/*114	0	PM
*5/*15	0	PM
*5/*18	0	PM
*5/*19	0	PM
*5/*20	0	PM
*5/*21	0	PM
*5/*31	0	PM
*5/*36	0	PM
*5/*36xN	0	PM
*5/*38	0	PM
*5/*40	0	PM
*5/*42	0	PM
*5/*44	0	PM
*5/*47	0	PM
*5/*51	0	PM
*5/*56	0	PM
*5/*57	0	PM
*5/*60	0	PM
*5/*62	0	PM
*5/*68	0	PM
*5/*69	0	PM
*5/*92	0	PM
*5/*96	0	PM
*5/*99	0	PM
*5/*100	0	PM
*5/*101	0	PM
*6/*6	0	PM
*6/*6xN	0	PM
*6/*7	0	PM
*6/*8	0	PM
*6/*11	0	PM
*6/*12	0	PM
*6/*13	0	PM
*6/*114	0	PM
*6/*15	0	PM
*6/*18	0	PM
*6/*19	0	PM
*6/*20	0	PM
*6/*21	0	PM
*6/*31	0	PM
*6/*36	0	PM
*6/*36xN	0	PM
*6/*38	0	PM
*6/*40	0	PM
*6/*42	0	PM
*6/*44	0	PM
*6/*47	0	PM
*6/*51	0	PM
*6/*56	0	PM
*6/*57	0	PM
*6/*60	0	PM
*6/*62	0	PM
*6/*68	0	PM
*6/*69	0	PM
*6/*92	0	PM
*6/*96	0	PM
*6/*99	0	PM
*6/*100	0	PM
*6/*101	0	PM
*6xN/*6xN	0	PM
*6xN/*7	0	PM
*6xN/*8	0	PM
*6xN/*11	0	PM
*6xN/*12	0	PM
*6xN/*13	0	PM
*6xN/*114	0	PM
*6xN/*15	0	PM
*6xN/*18	0	PM
*6xN/*19	0	PM
*6xN/*20	0	PM
*6xN/*21	0	PM
*6xN/*31	0	PM
*6xN/*36	0	PM
*6xN/*36xN	0	PM
*6xN/*38	0	PM
*6xN/*40	0	PM
*6xN/*42	0	PM
*6xN/*44	0	PM
*6xN/*47	0	PM
*6xN/*51	0	PM
*6xN/*56	0	PM
*6xN/*57	0	PM
*6xN/*60	0	PM
*6xN/*62	0	PM
*6xN/*68	0	PM
*6xN/*69	0	PM
*6xN/*92	0	PM
*6xN/*96	0	PM
*6xN/*99	0	PM
*6xN/*100	0	PM
*6xN/*101	0	PM
*7/*7	0	PM
*7/*8	0	PM
*7/*11	0	PM
*7/*12	0	PM
*7/*13	0	PM
*7/*114	0	PM
*7/*15	0	PM
*7/*18	0	PM
*7/*19	0	PM
*7/*20	0	PM
*7/*21	0	PM
*7/*31	0	PM
*7/*36	0	PM
*7/*36xN	0	PM
*7/*38	0	PM
*7/*40	0	PM
*7/*42	0	PM
*7/*44	0	PM
*7/*47	0	PM
*7/*51	0	PM
*7/*56	0	PM
*7/*57	0	PM
*7/*60	0	PM
*7/*62	0	PM
*7/*68	0	PM
*7/*69	0	PM
*7/*92	0	PM
*7/*96	0	PM
*7/*99	0	PM
*7/*100	0	PM
*7/*101	0	PM
*8/*8	0	PM
*8/*11	0	PM
*8/*12	0	PM
*8/*13	0	PM
*8/*114	0	PM
*8/*15	0	PM
*8/*18	0	PM
*8/*19	0	PM
*8/*20	0	PM
*8/*21	0	PM
*8/*31	0	PM
*8/*36	0	PM
*8/*36xN	0	PM
*8/*38	0	PM
*8/*40	0	PM
*8/*42	0	PM
*8/*44	0	PM
*8/*47	0	PM
*8/*51	0	PM
*8/*56	0	PM
*8/*57	0	PM
*8/*60	0	PM
*8/*62	0	PM
*8/*68	0	PM
*8/*69	0	PM
q*8/*92	0	PM
*8/*96	0	PM
*8/*99	0	PM
*8/*100	0	PM
*8/*101	0	PM
*11/*11	0	PM
*11/*12	0	PM
*11/*13	0	PM
*11/*114	0	PM
*11/*15	0	PM
*11/*18	0	PM
*11/*19	0	PM
*11/*20	0	PM
*11/*21	0	PM
*11/*31	0	PM
*11/*36	0	PM
*11/*36xN	0	PM
*11/*38	0	PM
*11/*40	0	PM
*11/*42	0	PM
*11/*44	0	PM
*11/*47	0	PM
*11/*51	0	PM
*11/*56	0	PM
*11/*57	0	PM
*11/*60	0	PM
*11/*62	0	PM
*11/*68	0	PM
*11/*69	0	PM
*11/*92	0	PM
*11/*96	0	PM
*11/*99	0	PM
*11/*100	0	PM
*11/*101	0	PM
*12/*12	0	PM
*12/*13	0	PM
*12/*114	0	PM
*12/*15	0	PM
*12/*18	0	PM
*12/*19	0	PM
*12/*20	0	PM
*12/*21	0	PM
*12/*31	0	PM
*12/*36	0	PM
*12/*36xN	0	PM
*12/*38	0	PM
*12/*40	0	PM
*12/*42	0	PM
*12/*44	0	PM
*12/*47	0	PM
*12/*51	0	PM
*12/*56	0	PM
*12/*57	0	PM
*12/*60	0	PM
*12/*62	0	PM
*12/*68	0	PM
*12/*69	0	PM
*12/*92	0	PM
*12/*96	0	PM
*12/*99	0	PM
*12/*100	0	PM
*12/*101	0	PM
*13/*13	0	PM
*13/*114	0	PM
*13/*15	0	PM
*13/*18	0	PM
*13/*19	0	PM
*13/*20	0	PM
*13/*21	0	PM
*13/*31	0	PM
*13/*36	0	PM
*13/*36xN	0	PM
*13/*38	0	PM
*13/*40	0	PM
*13/*42	0	PM
*13/*44	0	PM
*13/*47	0	PM
*13/*51	0	PM
*13/*56	0	PM
*13/*57	0	PM
*13/*60	0	PM
*13/*62	0	PM
*13/*68	0	PM
*13/*69	0	PM
*13/*92	0	PM
*13/*96	0	PM
*13/*99	0	PM
*13/*100	0	PM
*13/*101	0	PM
*114/*114	0	PM
*114/*15	0	PM
*114/*18	0	PM
*114/*19	0	PM
*114/*20	0	PM
*114/*21	0	PM
*114/*31	0	PM
*114/*36	0	PM
*114/*36xN	0	PM
*114/*38	0	PM
*114/*40	0	PM
*114/*42	0	PM
*114/*44	0	PM
*114/*47	0	PM
*114/*51	0	PM
*114/*56	0	PM
*114/*57	0	PM
*114/*60	0	PM
*114/*62	0	PM
*114/*68	0	PM
*114/*69	0	PM
*114/*92	0	PM
*114/*96	0	PM
*114/*99	0	PM
*114/*100	0	PM
*114/*101	0	PM
*15/*15	0	PM
*15/*18	0	PM
*15/*19	0	PM
*15/*20	0	PM
*15/*21	0	PM
*15/*31	0	PM
*15/*36	0	PM
*15/*36xN	0	PM
*15/*38	0	PM
*15/*40	0	PM
*15/*42	0	PM
*15/*44	0	PM
*15/*47	0	PM
*15/*51	0	PM
*15/*56	0	PM
*15/*57	0	PM
*15/*60	0	PM
*15/*62	0	PM
*15/*68	0	PM
*15/*69	0	PM
*15/*92	0	PM
*15/*96	0	PM
*15/*99	0	PM
*15/*100	0	PM
*15/*101	0	PM
*18/*18	0	PM
*18/*19	0	PM
*18/*20	0	PM
*18/*21	0	PM
*18/*31	0	PM
*18/*36	0	PM
*18/*36xN	0	PM
*18/*38	0	PM
*18/*40	0	PM
*18/*42	0	PM
*18/*44	0	PM
*18/*47	0	PM
*18/*51	0	PM
*18/*56	0	PM
*18/*57	0	PM
*18/*60	0	PM
*18/*62	0	PM
*18/*68	0	PM
*18/*69	0	PM
*18/*92	0	PM
*18/*96	0	PM
*18/*99	0	PM
*18/*100	0	PM
*18/*101	0	PM
*19/*19	0	PM
*19/*20	0	PM
*19/*21	0	PM
*19/*31	0	PM
*19/*36	0	PM
*19/*36xN	0	PM
*19/*38	0	PM
*19/*40	0	PM
*19/*42	0	PM
*19/*44	0	PM
*19/*47	0	PM
*19/*51	0	PM
*19/*56	0	PM
*19/*57	0	PM
*19/*60	0	PM
*19/*62	0	PM
*19/*68	0	PM
*19/*69	0	PM
*19/*92	0	PM
*19/*96	0	PM
*19/*99	0	PM
*19/*100	0	PM
*19/*101	0	PM
*20/*20	0	PM
*20/*21	0	PM
*20/*31	0	PM
*20/*36	0	PM
*20/*36xN	0	PM
*20/*38	0	PM
*20/*40	0	PM
*20/*42	0	PM
*20/*44	0	PM
*20/*47	0	PM
*20/*51	0	PM
*20/*56	0	PM
*20/*57	0	PM
*20/*60	0	PM
*20/*62	0	PM
*20/*68	0	PM
*20/*69	0	PM
*20/*92	0	PM
*20/*96	0	PM
*20/*99	0	PM
*20/*100	0	PM
*20/*101	0	PM
*21/*21	0	PM
*21/*31	0	PM
*21/*36	0	PM
*21/*36xN	0	PM
*21/*38	0	PM
*21/*40	0	PM
*21/*42	0	PM
*21/*44	0	PM
*21/*47	0	PM
*21/*51	0	PM
*21/*56	0	PM
*21/*57	0	PM
*21/*60	0	PM
*21/*62	0	PM
*21/*68	0	PM
*21/*69	0	PM
*21/*92	0	PM
*21/*96	0	PM
*21/*99	0	PM
*21/*100	0	PM
*21/*101	0	PM
*31/*31	0	PM
*31/*36	0	PM
*31/*36xN	0	PM
*31/*38	0	PM
*31/*40	0	PM
*31/*42	0	PM
*31/*44	0	PM
*31/*47	0	PM
*31/*51	0	PM
*31/*56	0	PM
*31/*57	0	PM
*31/*60	0	PM
*31/*62	0	PM
*31/*68	0	PM
*31/*69	0	PM
*31/*92	0	PM
*31/*96	0	PM
*31/*99	0	PM
*31/*100	0	PM
*31/*101	0	PM
*36/*36	0	PM
*36/*36xN	0	PM
*36/*38	0	PM
*36/*40	0	PM
*36/*42	0	PM
*36/*44	0	PM
*36/*47	0	PM
*36/*51	0	PM
*36/*56	0	PM
*36/*57	0	PM
*36/*60	0	PM
*36/*62	0	PM
*36/*68	0	PM
*36/*69	0	PM
*36/*92	0	PM
*36/*96	0	PM
*36/*99	0	PM
*36/*100	0	PM
*36/*101	0	PM
*36xN/*36xN	0	PM
*36xN/*38	0	PM
*36xN/*40	0	PM
*36xN/*42	0	PM
*36xN/*44	0	PM
*36xN/*47	0	PM
*36xN/*51	0	PM
*36xN/*56	0	PM
*36xN/*57	0	PM
*36xN/*60	0	PM
*36xN/*62	0	PM
*36xN/*68	0	PM
*36xN/*69	0	PM
*36xN/*92	0	PM
*36xN/*96	0	PM
*36xN/*99	0	PM
*36xN/*100	0	PM
*36xN/*101	0	PM
*38/*38	0	PM
*38/*40	0	PM
*38/*42	0	PM
*38/*44	0	PM
*38/*47	0	PM
*38/*51	0	PM
*38/*56	0	PM
*38/*57	0	PM
*38/*60	0	PM
*38/*62	0	PM
*38/*68	0	PM
*38/*69	0	PM
*38/*92	0	PM
*38/*96	0	PM
*38/*99	0	PM
*38/*100	0	PM
*38/*101	0	PM
*40/*40	0	PM
*40/*42	0	PM
*40/*44	0	PM
*40/*47	0	PM
*40/*51	0	PM
*40/*56	0	PM
*40/*57	0	PM
*40/*60	0	PM
*40/*62	0	PM
*40/*68	0	PM
*40/*69	0	PM
*40/*92	0	PM
*40/*96	0	PM
*40/*99	0	PM
*40/*100	0	PM
*40/*101	0	PM
*42/*42	0	PM
*42/*44	0	PM
*42/*47	0	PM
*42/*51	0	PM
*42/*56	0	PM
*42/*57	0	PM
*42/*60	0	PM
*42/*62	0	PM
*42/*68	0	PM
*42/*69	0	PM
*42/*92	0	PM
*42/*96	0	PM
*42/*99	0	PM
*42/*100	0	PM
*42/*101	0	PM
*44/*44	0	PM
*44/*47	0	PM
*44/*51	0	PM
*44/*56	0	PM
*44/*57	0	PM
*44/*60	0	PM
*44/*62	0	PM
*44/*68	0	PM
*44/*69	0	PM
*44/*92	0	PM
*44/*96	0	PM
*44/*99	0	PM
*44/*100	0	PM
*44/*101	0	PM
*47/*47	0	PM
*47/*51	0	PM
*47/*56	0	PM
*47/*57	0	PM
*47/*60	0	PM
*47/*62	0	PM
*47/*68	0	PM
*47/*69	0	PM
*47/*92	0	PM
*47/*96	0	PM
*47/*99	0	PM
*47/*100	0	PM
*47/*101	0	PM
*51/*51	0	PM
*51/*56	0	PM
*51/*57	0	PM
*51/*60	0	PM
*51/*62	0	PM
*51/*68	0	PM
*51/*69	0	PM
*51/*92	0	PM
*51/*96	0	PM
*51/*99	0	PM
*51/*100	0	PM
*51/*101	0	PM
*56/*56	0	PM
*56/*57	0	PM
*56/*60	0	PM
*56/*62	0	PM
*56/*68	0	PM
*56/*69	0	PM
*56/*92	0	PM
*56/*96	0	PM
*56/*99	0	PM
*56/*100	0	PM
*56/*101	0	PM
*57/*57	0	PM
*57/*60	0	PM
*57/*62	0	PM
*57/*68	0	PM
*57/*69	0	PM
*57/*92	0	PM
*57/*96	0	PM
*57/*99	0	PM
*57/*100	0	PM
*57/*101	0	PM
*60/*60	0	PM
*60/*62	0	PM
*60/*68	0	PM
*60/*69	0	PM
*60/*92	0	PM
*60/*96	0	PM
*60/*99	0	PM
*60/*100	0	PM
*60/*101	0	PM
*62/*62	0	PM
*62/*68	0	PM
*62/*69	0	PM
*62/*92	0	PM
*62/*96	0	PM
*62/*99	0	PM
*62/*100	0	PM
*62/*101	0	PM
*68/*68	0	PM
*68/*69	0	PM
*68/*92	0	PM
*68/*96	0	PM
*68/*99	0	PM
*68/*100	0	PM
*68/*101	0	PM
*69/*69	0	PM
*69/*92	0	PM
*69/*96	0	PM
*69/*99	0	PM
*69/*100	0	PM
*69/*101	0	PM
*92/*92	0	PM
*92/*96	0	PM
*92/*99	0	PM
*92/*100	0	PM
*92/*101	0	PM
*96/*96	0	PM
*96/*99	0	PM
*96/*100	0	PM
*96/*101	0	PM
*99/*99	0	PM
*99/*100	0	PM
*99/*101	0	PM
*100/*100	0	PM
*100/*101	0	PM
*101/*101	0	PM
*3/*10	0.25	IM 
*3xN/*10	0.25	IM 
*4/*10	0.25	IM 
*4xN/*10	0.25	IM 
*5/*10	0.25	IM 
*6/*10	0.25	IM 
*6xN/*10	0.25	IM 
*7/*10	0.25	IM 
*8/*10	0.25	IM 
*10/*11	0.25	IM 
*10/*12	0.25	IM 
*10/*13	0.25	IM 
*10/*114	0.25	IM 
*10/*15	0.25	IM 
*10/*18	0.25	IM 
*10/*19	0.25	IM 
*10/*20	0.25	IM 
*10/*21	0.25	IM 
*10/*31	0.25	IM 
*10/*36	0.25	IM 
*10/*36xN	0.25	IM 
*10/*38	0.25	IM 
*10/*40	0.25	IM 
*10/*42	0.25	IM 
*10/*44	0.25	IM 
*10/*47	0.25	IM 
*10/*51	0.25	IM 
*10/*56	0.25	IM 
*10/*57	0.25	IM 
*10/*60	0.25	IM 
*10/*62	0.25	IM 
*10/*68	0.25	IM 
*10/*69	0.25	IM 
*10/*92	0.25	IM 
*10/*96	0.25	IM 
*10/*99	0.25	IM 
*10/*100	0.25	IM 
*10/*101	0.25	IM 
*3/*9	0.5	IM 
*3/*10x2	0.5	IM 
*3/*14	0.5	IM 
*3/*17	0.5	IM 
*3/*29	0.5	IM 
*3/*41	0.5	IM 
*3/*49	0.5	IM 
*3/*50	0.5	IM 
*3/*54	0.5	IM 
*3/*55	0.5	IM 
*3/*59	0.5	IM 
*3/*72	0.5	IM 
*3/*84	0.5	IM 
*3xN/*9	0.5	IM 
*3xN/*10x2	0.5	IM 
*3xN/*14	0.5	IM 
*3xN/*17	0.5	IM 
*3xN/*29	0.5	IM 
*3xN/*41	0.5	IM 
*3xN/*49	0.5	IM 
*3xN/*50	0.5	IM 
*3xN/*54	0.5	IM 
*3xN/*55	0.5	IM 
*3xN/*59	0.5	IM 
*3xN/*72	0.5	IM 
*3xN/*84	0.5	IM 
*4/*9	0.5	IM 
*4/*10x2	0.5	IM 
*4/*14	0.5	IM 
*4/*17	0.5	IM 
*4/*29	0.5	IM 
*4/*41	0.5	IM 
*4/*49	0.5	IM 
*4/*50	0.5	IM 
*4/*54	0.5	IM 
*4/*55	0.5	IM 
*4/*59	0.5	IM 
*4/*72	0.5	IM 
*4/*84	0.5	IM 
*4xN/*9	0.5	IM 
*4xN/*10x2	0.5	IM 
*4xN/*14	0.5	IM 
*4xN/*17	0.5	IM 
*4xN/*29	0.5	IM 
*4xN/*41	0.5	IM 
*4xN/*49	0.5	IM 
*4xN/*50	0.5	IM 
*4xN/*54	0.5	IM 
*4xN/*55	0.5	IM 
*4xN/*59	0.5	IM 
*4xN/*72	0.5	IM 
*4xN/*84	0.5	IM 
*5/*9	0.5	IM 
*5/*10x2	0.5	IM 
*5/*14	0.5	IM 
*5/*17	0.5	IM 
*5/*29	0.5	IM 
*5/*41	0.5	IM 
*5/*49	0.5	IM 
*5/*50	0.5	IM 
*5/*54	0.5	IM 
*5/*55	0.5	IM 
*5/*59	0.5	IM 
*5/*72	0.5	IM 
*5/*84	0.5	IM 
*6/*9	0.5	IM 
*6/*10x2	0.5	IM 
*6/*14	0.5	IM 
*6/*17	0.5	IM 
*6/*29	0.5	IM 
*6/*41	0.5	IM 
*6/*49	0.5	IM 
*6/*50	0.5	IM 
*6/*54	0.5	IM 
*6/*55	0.5	IM 
*6/*59	0.5	IM 
*6/*72	0.5	IM 
*6/*84	0.5	IM 
*6xN/*9	0.5	IM 
*6xN/*10x2	0.5	IM 
*6xN/*14	0.5	IM 
*6xN/*17	0.5	IM 
*6xN/*29	0.5	IM 
*6xN/*41	0.5	IM 
*6xN/*49	0.5	IM 
*6xN/*50	0.5	IM 
*6xN/*54	0.5	IM 
*6xN/*55	0.5	IM 
*6xN/*59	0.5	IM 
*6xN/*72	0.5	IM 
*6xN/*84	0.5	IM 
*7/*9	0.5	IM 
*7/*10x2	0.5	IM 
*7/*14	0.5	IM 
*7/*17	0.5	IM 
*7/*29	0.5	IM 
*7/*41	0.5	IM 
*7/*49	0.5	IM 
*7/*50	0.5	IM 
*7/*54	0.5	IM 
*7/*55	0.5	IM 
*7/*59	0.5	IM 
*7/*72	0.5	IM 
*7/*84	0.5	IM 
*8/*9	0.5	IM 
*8/*10x2	0.5	IM 
*8/*14	0.5	IM 
*8/*17	0.5	IM 
*8/*29	0.5	IM 
*8/*41	0.5	IM 
*8/*49	0.5	IM 
*8/*50	0.5	IM 
*8/*54	0.5	IM 
*8/*55	0.5	IM 
*8/*59	0.5	IM 
*8/*72	0.5	IM 
*8/*84	0.5	IM 
*9/*11	0.5	IM 
*9/*12	0.5	IM 
*9/*13	0.5	IM 
*9/*114	0.5	IM 
*9/*15	0.5	IM 
*9/*18	0.5	IM 
*9/*19	0.5	IM 
*9/*20	0.5	IM 
*9/*21	0.5	IM 
*9/*31	0.5	IM 
*9/*36	0.5	IM 
*9/*36xN	0.5	IM 
*9/*38	0.5	IM 
*9/*40	0.5	IM 
*9/*42	0.5	IM 
*9/*44	0.5	IM 
*9/*47	0.5	IM 
*9/*51	0.5	IM 
*9/*56	0.5	IM 
*9/*57	0.5	IM 
*9/*60	0.5	IM 
*9/*62	0.5	IM 
*9/*68	0.5	IM 
*9/*69	0.5	IM 
*9/*92	0.5	IM 
*9/*96	0.5	IM 
*9/*99	0.5	IM 
*9/*100	0.5	IM 
*9/*101	0.5	IM 
*10/*10	0.5	IM 
*10x2/*11	0.5	IM 
*10x2/*12	0.5	IM 
*10x2/*13	0.5	IM 
*10x2/*114	0.5	IM 
*10x2/*15	0.5	IM 
*10x2/*18	0.5	IM 
*10x2/*19	0.5	IM 
*10x2/*20	0.5	IM 
*10x2/*21	0.5	IM 
*10x2/*31	0.5	IM 
*10x2/*36	0.5	IM 
*10x2/*36xN	0.5	IM 
*10x2/*38	0.5	IM 
*10x2/*40	0.5	IM 
*10x2/*42	0.5	IM 
*10x2/*44	0.5	IM 
*10x2/*47	0.5	IM 
*10x2/*51	0.5	IM 
*10x2/*56	0.5	IM 
*10x2/*57	0.5	IM 
*10x2/*60	0.5	IM 
*10x2/*62	0.5	IM 
*10x2/*68	0.5	IM 
*10x2/*69	0.5	IM 
*10x2/*92	0.5	IM 
*10x2/*96	0.5	IM 
*10x2/*99	0.5	IM 
*10x2/*100	0.5	IM 
*10x2/*101	0.5	IM 
*11/*14	0.5	IM 
*11/*17	0.5	IM 
*11/*29	0.5	IM 
*11/*41	0.5	IM 
*11/*49	0.5	IM 
*11/*50	0.5	IM 
*11/*54	0.5	IM 
*11/*55	0.5	IM 
*11/*59	0.5	IM 
*11/*72	0.5	IM 
*11/*84	0.5	IM 
*12/*14	0.5	IM 
*12/*17	0.5	IM 
*12/*29	0.5	IM 
*12/*41	0.5	IM 
*12/*49	0.5	IM 
*12/*50	0.5	IM 
*12/*54	0.5	IM 
*12/*55	0.5	IM 
*12/*59	0.5	IM 
*12/*72	0.5	IM 
*12/*84	0.5	IM 
*13/*14	0.5	IM 
*13/*17	0.5	IM 
*13/*29	0.5	IM 
*13/*41	0.5	IM 
*13/*49	0.5	IM 
*13/*50	0.5	IM 
*13/*54	0.5	IM 
*13/*55	0.5	IM 
*13/*59	0.5	IM 
*13/*72	0.5	IM 
*13/*84	0.5	IM 
*114/*14	0.5	IM 
*114/*17	0.5	IM 
*114/*29	0.5	IM 
*114/*41	0.5	IM 
*114/*49	0.5	IM 
*114/*50	0.5	IM 
*114/*54	0.5	IM 
*114/*55	0.5	IM 
*114/*59	0.5	IM 
*114/*72	0.5	IM 
*114/*84	0.5	IM 
*14/*15	0.5	IM 
*14/*18	0.5	IM 
*14/*19	0.5	IM 
*14/*20	0.5	IM 
*14/*21	0.5	IM 
*14/*31	0.5	IM 
*14/*36	0.5	IM 
*14/*36xN	0.5	IM 
*14/*38	0.5	IM 
*14/*40	0.5	IM 
*14/*42	0.5	IM 
*14/*44	0.5	IM 
*14/*47	0.5	IM 
*14/*51	0.5	IM 
*14/*56	0.5	IM 
*14/*57	0.5	IM 
*14/*60	0.5	IM 
*14/*62	0.5	IM 
*14/*68	0.5	IM 
*14/*69	0.5	IM 
*14/*92	0.5	IM 
*14/*96	0.5	IM 
*14/*99	0.5	IM 
*14/*100	0.5	IM 
*14/*101	0.5	IM 
*15/*17	0.5	IM 
*15/*29	0.5	IM 
*15/*41	0.5	IM 
*15/*49	0.5	IM 
*15/*50	0.5	IM 
*15/*54	0.5	IM 
*15/*55	0.5	IM 
*15/*59	0.5	IM 
*15/*72	0.5	IM 
*15/*84	0.5	IM 
*17/*18	0.5	IM 
*17/*19	0.5	IM 
*17/*20	0.5	IM 
*17/*21	0.5	IM 
*17/*31	0.5	IM 
*17/*36	0.5	IM 
*17/*36xN	0.5	IM 
*17/*38	0.5	IM 
*17/*40	0.5	IM 
*17/*42	0.5	IM 
*17/*44	0.5	IM 
*17/*47	0.5	IM 
*17/*51	0.5	IM 
*17/*56	0.5	IM 
*17/*57	0.5	IM 
*17/*60	0.5	IM 
*17/*62	0.5	IM 
*17/*68	0.5	IM 
*17/*69	0.5	IM 
*17/*92	0.5	IM 
*17/*96	0.5	IM 
*17/*99	0.5	IM 
*17/*100	0.5	IM 
*17/*101	0.5	IM 
*18/*29	0.5	IM 
*18/*41	0.5	IM 
*18/*49	0.5	IM 
*18/*50	0.5	IM 
*18/*54	0.5	IM 
*18/*55	0.5	IM 
*18/*59	0.5	IM 
*18/*72	0.5	IM 
*18/*84	0.5	IM 
*19/*29	0.5	IM 
*19/*41	0.5	IM 
*19/*49	0.5	IM 
*19/*50	0.5	IM 
*19/*54	0.5	IM 
*19/*55	0.5	IM 
*19/*59	0.5	IM 
*19/*72	0.5	IM 
*19/*84	0.5	IM 
*20/*29	0.5	IM 
*20/*41	0.5	IM 
*20/*49	0.5	IM 
*20/*50	0.5	IM 
*20/*54	0.5	IM 
*20/*55	0.5	IM 
*20/*59	0.5	IM 
*20/*72	0.5	IM 
*20/*84	0.5	IM 
*21/*29	0.5	IM 
*21/*41	0.5	IM 
*21/*49	0.5	IM 
*21/*50	0.5	IM 
*21/*54	0.5	IM 
*21/*55	0.5	IM 
*21/*59	0.5	IM 
*21/*72	0.5	IM 
*21/*84	0.5	IM 
*29/*31	0.5	IM 
*29/*36	0.5	IM 
*29/*36xN	0.5	IM 
*29/*38	0.5	IM 
*29/*40	0.5	IM 
*29/*42	0.5	IM 
*29/*44	0.5	IM 
*29/*47	0.5	IM 
*29/*51	0.5	IM 
*29/*56	0.5	IM 
*29/*57	0.5	IM 
*29/*60	0.5	IM 
*29/*62	0.5	IM 
*29/*68	0.5	IM 
*29/*69	0.5	IM 
*29/*92	0.5	IM 
*29/*96	0.5	IM 
*29/*99	0.5	IM 
*29/*100	0.5	IM 
*29/*101	0.5	IM 
*31/*41	0.5	IM 
*31/*49	0.5	IM 
*31/*50	0.5	IM 
*31/*54	0.5	IM 
*31/*55	0.5	IM 
*31/*59	0.5	IM 
*31/*72	0.5	IM 
*31/*84	0.5	IM 
*36/*41	0.5	IM 
*36/*49	0.5	IM 
*36/*50	0.5	IM 
*36/*54	0.5	IM 
*36/*55	0.5	IM 
*36/*59	0.5	IM 
*36/*72	0.5	IM 
*36/*84	0.5	IM 
*36xN/*41	0.5	IM 
*36xN/*49	0.5	IM 
*36xN/*50	0.5	IM 
*36xN/*54	0.5	IM 
*36xN/*55	0.5	IM 
*36xN/*59	0.5	IM 
*36xN/*72	0.5	IM 
*36xN/*84	0.5	IM 
*38/*41	0.5	IM 
*38/*49	0.5	IM 
*38/*50	0.5	IM 
*38/*54	0.5	IM 
*38/*55	0.5	IM 
*38/*59	0.5	IM 
*38/*72	0.5	IM 
*38/*84	0.5	IM 
*40/*41	0.5	IM 
*40/*49	0.5	IM 
*40/*50	0.5	IM 
*40/*54	0.5	IM 
*40/*55	0.5	IM 
*40/*59	0.5	IM 
*40/*72	0.5	IM 
*40/*84	0.5	IM 
*41/*42	0.5	IM 
*41/*44	0.5	IM 
*41/*47	0.5	IM 
*41/*51	0.5	IM 
*41/*56	0.5	IM 
*41/*57	0.5	IM 
*41/*60	0.5	IM 
*41/*62	0.5	IM 
*41/*68	0.5	IM 
*41/*69	0.5	IM 
*41/*92	0.5	IM 
*41/*96	0.5	IM 
*41/*99	0.5	IM 
*41/*100	0.5	IM 
*41/*101	0.5	IM 
*42/*49	0.5	IM 
*42/*50	0.5	IM 
*42/*54	0.5	IM 
*42/*55	0.5	IM 
*42/*59	0.5	IM 
*42/*72	0.5	IM 
*42/*84	0.5	IM 
*44/*49	0.5	IM 
*44/*50	0.5	IM 
*44/*54	0.5	IM 
*44/*55	0.5	IM 
*44/*59	0.5	IM 
*44/*72	0.5	IM 
*44/*84	0.5	IM 
*47/*49	0.5	IM 
*47/*50	0.5	IM 
*47/*54	0.5	IM 
*47/*55	0.5	IM 
*47/*59	0.5	IM 
*47/*72	0.5	IM 
*47/*84	0.5	IM 
*49/*51	0.5	IM 
*49/*56	0.5	IM 
*49/*57	0.5	IM 
*49/*60	0.5	IM 
*49/*62	0.5	IM 
*49/*68	0.5	IM 
*49/*69	0.5	IM 
*49/*92	0.5	IM 
*49/*96	0.5	IM 
*49/*99	0.5	IM 
*49/*100	0.5	IM 
*49/*101	0.5	IM 
*50/*51	0.5	IM 
*50/*56	0.5	IM 
*50/*57	0.5	IM 
*50/*60	0.5	IM 
*50/*62	0.5	IM 
*50/*68	0.5	IM 
*50/*69	0.5	IM 
*50/*92	0.5	IM 
*50/*96	0.5	IM 
*50/*99	0.5	IM 
*50/*100	0.5	IM 
*50/*101	0.5	IM 
*51/*54	0.5	IM 
*51/*55	0.5	IM 
*51/*59	0.5	IM 
*51/*72	0.5	IM 
*51/*84	0.5	IM 
*54/*56	0.5	IM 
*54/*57	0.5	IM 
*54/*60	0.5	IM 
*54/*62	0.5	IM 
*54/*68	0.5	IM 
*54/*69	0.5	IM 
*54/*92	0.5	IM 
*54/*96	0.5	IM 
*54/*99	0.5	IM 
*54/*100	0.5	IM 
*54/*101	0.5	IM 
*55/*56	0.5	IM 
*55/*57	0.5	IM 
*55/*60	0.5	IM 
*55/*62	0.5	IM 
*55/*68	0.5	IM 
*55/*69	0.5	IM 
*55/*92	0.5	IM 
*55/*96	0.5	IM 
*55/*99	0.5	IM 
*55/*100	0.5	IM 
*55/*101	0.5	IM 
*56/*59	0.5	IM 
*56/*72	0.5	IM 
*56/*84	0.5	IM 
*57/*59	0.5	IM 
*57/*72	0.5	IM 
*57/*84	0.5	IM 
*59/*60	0.5	IM 
*59/*62	0.5	IM 
*59/*68	0.5	IM 
*59/*69	0.5	IM 
*59/*92	0.5	IM 
*59/*96	0.5	IM 
*59/*99	0.5	IM 
*59/*100	0.5	IM 
*59/*101	0.5	IM 
*60/*72	0.5	IM 
*60/*84	0.5	IM 
*62/*72	0.5	IM 
*62/*84	0.5	IM 
*68/*72	0.5	IM 
*68/*84	0.5	IM 
*69/*72	0.5	IM 
*69/*84	0.5	IM 
*72/*92	0.5	IM 
*72/*96	0.5	IM 
*72/*99	0.5	IM 
*72/*100	0.5	IM 
*72/*101	0.5	IM 
*84/*92	0.5	IM 
*84/*96	0.5	IM 
*84/*99	0.5	IM 
*84/*100	0.5	IM 
*84/*101	0.5	IM 
*9/*10	0.75	IM 
*10/*10x2	0.75	IM 
*10/*14	0.75	IM 
*10/*17	0.75	IM 
*10/*29	0.75	IM 
*10/*41	0.75	IM 
*10/*49	0.75	IM 
*10/*50	0.75	IM 
*10/*54	0.75	IM 
*10/*55	0.75	IM 
*10/*59	0.75	IM 
*10/*72	0.75	IM 
*10/*84	0.75	IM 
*1/*3	1	IM 
*1/*3xN	1	IM 
*1/*4	1	IM 
*1/*4xN	1	IM 
*1/*5	1	IM 
*1/*6	1	IM 
*1/*6xN	1	IM 
*1/*7	1	IM 
*1/*8	1	IM 
*1/*11	1	IM 
*1/*12	1	IM 
*1/*13	1	IM 
*1/*114	1	IM 
*1/*15	1	IM 
*1/*18	1	IM 
*1/*19	1	IM 
*1/*20	1	IM 
*1/*21	1	IM 
*1/*31	1	IM 
*1/*36	1	IM 
*1/*36xN	1	IM 
*1/*38	1	IM 
*1/*40	1	IM 
*1/*42	1	IM 
*1/*44	1	IM 
*1/*47	1	IM 
*1/*51	1	IM 
*1/*56	1	IM 
*1/*57	1	IM 
*1/*60	1	IM 
*1/*62	1	IM 
*1/*68	1	IM 
*1/*69	1	IM 
*1/*92	1	IM 
*1/*96	1	IM 
*1/*99	1	IM 
*1/*100	1	IM 
*1/*101	1	IM 
*2 /*3	1	IM 
*2 /*3xN	1	IM 
*2 /*4	1	IM 
*2 /*4xN	1	IM 
*2 /*5	1	IM 
*2 /*6	1	IM 
*2 /*6xN	1	IM 
*2 /*7	1	IM 
*2 /*8	1	IM 
*2 /*11	1	IM 
*2 /*12	1	IM 
*2 /*13	1	IM 
*2 /*114	1	IM 
*2 /*15	1	IM 
*2 /*18	1	IM 
*2 /*19	1	IM 
*2 /*20	1	IM 
*2 /*21	1	IM 
*2 /*31	1	IM 
*2 /*36	1	IM 
*2 /*36xN	1	IM 
*2 /*38	1	IM 
*2 /*40	1	IM 
*2 /*42	1	IM 
*2 /*44	1	IM 
*2 /*47	1	IM 
*2 /*51	1	IM 
*2 /*56	1	IM 
*2 /*57	1	IM 
*2 /*60	1	IM 
*2 /*62	1	IM 
*2 /*68	1	IM 
*2 /*69	1	IM 
*2 /*92	1	IM 
*2 /*96	1	IM 
*2 /*99	1	IM 
*2 /*100	1	IM 
*2 /*101	1	IM 
*3/*9x2	1	IM 
*3/*17x2	1	IM 
*3/*27	1	IM 
*3/*29x2	1	IM 
*3/*33	1	IM 
*3/*34	1	IM 
*3/*35	1	IM 
*3/*39	1	IM 
*3/*41x2	1	IM 
*3/*45	1	IM 
*3/*46	1	IM 
*3/*48	1	IM 
*3/*53	1	IM 
*3xN/*9x2	1	IM 
*3xN/*17x2	1	IM 
*3xN/*27	1	IM 
*3xN/*29x2	1	IM 
*3xN/*33	1	IM 
*3xN/*34	1	IM 
*3xN/*35	1	IM 
*3xN/*39	1	IM 
*3xN/*41x2	1	IM 
*3xN/*45	1	IM 
*3xN/*46	1	IM 
*3xN/*48	1	IM 
*3xN/*53	1	IM 
*4/*9x2	1	IM 
*4/*17x2	1	IM 
*4/*27	1	IM 
*4/*29x2	1	IM 
*4/*33	1	IM 
*4/*34	1	IM 
*4/*35	1	IM 
*4/*39	1	IM 
*4/*41x2	1	IM 
*4/*45	1	IM 
*4/*46	1	IM 
*4/*48	1	IM 
*4/*53	1	IM 
*4xN/*9x2	1	IM 
*4xN/*17x2	1	IM 
*4xN/*27	1	IM 
*4xN/*29x2	1	IM 
*4xN/*33	1	IM 
*4xN/*34	1	IM 
*4xN/*35	1	IM 
*4xN/*39	1	IM 
*4xN/*41x2	1	IM 
*4xN/*45	1	IM 
*4xN/*46	1	IM 
*4xN/*48	1	IM 
*4xN/*53	1	IM 
*5/*9x2	1	IM 
*5/*17x2	1	IM 
*5/*27	1	IM 
*5/*29x2	1	IM 
*5/*33	1	IM 
*5/*34	1	IM 
*5/*35	1	IM 
*5/*39	1	IM 
*5/*41x2	1	IM 
*5/*45	1	IM 
*5/*46	1	IM 
*5/*48	1	IM 
*5/*53	1	IM 
*6/*9x2	1	IM 
*6/*17x2	1	IM 
*6/*27	1	IM 
*6/*29x2	1	IM 
*6/*33	1	IM 
*6/*34	1	IM 
*6/*35	1	IM 
*6/*39	1	IM 
*6/*41x2	1	IM 
*6/*45	1	IM 
*6/*46	1	IM 
*6/*48	1	IM 
*6/*53	1	IM 
*6xN/*9x2	1	IM 
*6xN/*17x2	1	IM 
*6xN/*27	1	IM 
*6xN/*29x2	1	IM 
*6xN/*33	1	IM 
*6xN/*34	1	IM 
*6xN/*35	1	IM 
*6xN/*39	1	IM 
*6xN/*41x2	1	IM 
*6xN/*45	1	IM 
*6xN/*46	1	IM 
*6xN/*48	1	IM 
*6xN/*53	1	IM 
*7/*9x2	1	IM 
*7/*17x2	1	IM 
*7/*27	1	IM 
*7/*29x2	1	IM 
*7/*33	1	IM 
*7/*34	1	IM 
*7/*35	1	IM 
*7/*39	1	IM 
*7/*41x2	1	IM 
*7/*45	1	IM 
*7/*46	1	IM 
*7/*48	1	IM 
*7/*53	1	IM 
*8/*9x2	1	IM 
*8/*17x2	1	IM 
*8/*27	1	IM 
*8/*29x2	1	IM 
*8/*33	1	IM 
*8/*34	1	IM 
*8/*35	1	IM 
*8/*39	1	IM 
*8/*41x2	1	IM 
*8/*45	1	IM 
*8/*46	1	IM 
*8/*48	1	IM 
*8/*53	1	IM 
*9/*9	1	IM 
*9/*10x2	1	IM 
*9/*14	1	IM 
*9/*17	1	IM 
*9/*29	1	IM 
*9/*41	1	IM 
*9/*49	1	IM 
*9/*50	1	IM 
*9/*54	1	IM 
*9/*55	1	IM 
*9/*59	1	IM 
*9/*72	1	IM 
*9/*84	1	IM 
*9x2/*11	1	IM 
*9x2/*12	1	IM 
*9x2/*13	1	IM 
*9x2/*114	1	IM 
*9x2/*15	1	IM 
*9x2/*18	1	IM 
*9x2/*19	1	IM 
*9x2/*20	1	IM 
*9x2/*21	1	IM 
*9x2/*31	1	IM 
*9x2/*36	1	IM 
*9x2/*36xN	1	IM 
*9x2/*38	1	IM 
*9x2/*40	1	IM 
*9x2/*42	1	IM 
*9x2/*44	1	IM 
*9x2/*47	1	IM 
*9x2/*51	1	IM 
*9x2/*56	1	IM 
*9x2/*57	1	IM 
*9x2/*60	1	IM 
*9x2/*62	1	IM 
*9x2/*68	1	IM 
*9x2/*69	1	IM 
*9x2/*92	1	IM 
*9x2/*96	1	IM 
*9x2/*99	1	IM 
*9x2/*100	1	IM 
*9x2/*101	1	IM 
*10x2/*10x2	1	IM 
*10x2/*14	1	IM 
*10x2/*17	1	IM 
*10x2/*29	1	IM 
*10x2/*41	1	IM 
*10x2/*49	1	IM 
*10x2/*50	1	IM 
*10x2/*54	1	IM 
*10x2/*55	1	IM 
*10x2/*59	1	IM 
*10x2/*72	1	IM 
*10x2/*84	1	IM 
*11/*17x2	1	IM 
*11/*27	1	IM 
*11/*29x2	1	IM 
*11/*33	1	IM 
*11/*34	1	IM 
*11/*35	1	IM 
*11/*39	1	IM 
*11/*41x2	1	IM 
*11/*45	1	IM 
*11/*46	1	IM 
*11/*48	1	IM 
*11/*53	1	IM 
*12/*17x2	1	IM 
*12/*27	1	IM 
*12/*29x2	1	IM 
*12/*33	1	IM 
*12/*34	1	IM 
*12/*35	1	IM 
*12/*39	1	IM 
*12/*41x2	1	IM 
*12/*45	1	IM 
*12/*46	1	IM 
*12/*48	1	IM 
*12/*53	1	IM 
*13/*17x2	1	IM 
*13/*27	1	IM 
*13/*29x2	1	IM 
*13/*33	1	IM 
*13/*34	1	IM 
*13/*35	1	IM 
*13/*39	1	IM 
*13/*41x2	1	IM 
*13/*45	1	IM 
*13/*46	1	IM 
*13/*48	1	IM 
*13/*53	1	IM 
*114/*17x2	1	IM 
*114/*27	1	IM 
*114/*29x2	1	IM 
*114/*33	1	IM 
*114/*34	1	IM 
*114/*35	1	IM 
*114/*39	1	IM 
*114/*41x2	1	IM 
*114/*45	1	IM 
*114/*46	1	IM 
*114/*48	1	IM 
*114/*53	1	IM 
*14/*14	1	IM 
*14/*17	1	IM 
*14/*29	1	IM 
*14/*41	1	IM 
*14/*49	1	IM 
*14/*50	1	IM 
*14/*54	1	IM 
*14/*55	1	IM 
*14/*59	1	IM 
*14/*72	1	IM 
*14/*84	1	IM 
*15/*17x2	1	IM 
*15/*27	1	IM 
*15/*29x2	1	IM 
*15/*33	1	IM 
*15/*34	1	IM 
*15/*35	1	IM 
*15/*39	1	IM 
*15/*41x2	1	IM 
*15/*45	1	IM 
*15/*46	1	IM 
*15/*48	1	IM 
*15/*53	1	IM 
*17/*17	1	IM 
*17/*29	1	IM 
*17/*41	1	IM 
*17/*49	1	IM 
*17/*50	1	IM 
*17/*54	1	IM 
*17/*55	1	IM 
*17/*59	1	IM 
*17/*72	1	IM 
*17/*84	1	IM 
*17x2/*18	1	IM 
*17x2/*19	1	IM 
*17x2/*20	1	IM 
*17x2/*21	1	IM 
*17x2/*31	1	IM 
*17x2/*36	1	IM 
*17x2/*36xN	1	IM 
*17x2/*38	1	IM 
*17x2/*40	1	IM 
*17x2/*42	1	IM 
*17x2/*44	1	IM 
*17x2/*47	1	IM 
*17x2/*51	1	IM 
*17x2/*56	1	IM 
*17x2/*57	1	IM 
*17x2/*60	1	IM 
*17x2/*62	1	IM 
*17x2/*68	1	IM 
*17x2/*69	1	IM 
*17x2/*92	1	IM 
*17x2/*96	1	IM 
*17x2/*99	1	IM 
*17x2/*100	1	IM 
*17x2/*101	1	IM 
*18/*27	1	IM 
*18/*29x2	1	IM 
*18/*33	1	IM 
*18/*34	1	IM 
*18/*35	1	IM 
*18/*39	1	IM 
*18/*41x2	1	IM 
*18/*45	1	IM 
*18/*46	1	IM 
*18/*48	1	IM 
*18/*53	1	IM 
*19/*27	1	IM 
*19/*29x2	1	IM 
*19/*33	1	IM 
*19/*34	1	IM 
*19/*35	1	IM 
*19/*39	1	IM 
*19/*41x2	1	IM 
*19/*45	1	IM 
*19/*46	1	IM 
*19/*48	1	IM 
*19/*53	1	IM 
*20/*27	1	IM 
*20/*29x2	1	IM 
*20/*33	1	IM 
*20/*34	1	IM 
*20/*35	1	IM 
*20/*39	1	IM 
*20/*41x2	1	IM 
*20/*45	1	IM 
*20/*46	1	IM 
*20/*48	1	IM 
*20/*53	1	IM 
*21/*27	1	IM 
*21/*29x2	1	IM 
*21/*33	1	IM 
*21/*34	1	IM 
*21/*35	1	IM 
*21/*39	1	IM 
*21/*41x2	1	IM 
*21/*45	1	IM 
*21/*46	1	IM 
*21/*48	1	IM 
*21/*53	1	IM 
*27/*31	1	IM 
*27/*36	1	IM 
*27/*36xN	1	IM 
*27/*38	1	IM 
*27/*40	1	IM 
*27/*42	1	IM 
*27/*44	1	IM 
*27/*47	1	IM 
*27/*51	1	IM 
*27/*56	1	IM 
*27/*57	1	IM 
*27/*60	1	IM 
*27/*62	1	IM 
*27/*68	1	IM 
*27/*69	1	IM 
*27/*92	1	IM 
*27/*96	1	IM 
*27/*99	1	IM 
*27/*100	1	IM 
*27/*101	1	IM 
*29/*29	1	IM 
*29/*41	1	IM 
*29/*49	1	IM 
*29/*50	1	IM 
*29/*54	1	IM 
*29/*55	1	IM 
*29/*59	1	IM 
*29/*72	1	IM 
*29/*84	1	IM 
*29x2/*31	1	IM 
*29x2/*36	1	IM 
*29x2/*36xN	1	IM 
*29x2/*38	1	IM 
*29x2/*40	1	IM 
*29x2/*42	1	IM 
*29x2/*44	1	IM 
*29x2/*47	1	IM 
*29x2/*51	1	IM 
*29x2/*56	1	IM 
*29x2/*57	1	IM 
*29x2/*60	1	IM 
*29x2/*62	1	IM 
*29x2/*68	1	IM 
*29x2/*69	1	IM 
*29x2/*92	1	IM 
*29x2/*96	1	IM 
*29x2/*99	1	IM 
*29x2/*100	1	IM 
*29x2/*101	1	IM 
*31/*33	1	IM 
*31/*34	1	IM 
*31/*35	1	IM 
*31/*39	1	IM 
*31/*41x2	1	IM 
*31/*45	1	IM 
*31/*46	1	IM 
*31/*48	1	IM 
*31/*53	1	IM 
*33/*36	1	IM 
*33/*36xN	1	IM 
*33/*38	1	IM 
*33/*40	1	IM 
*33/*42	1	IM 
*33/*44	1	IM 
*33/*47	1	IM 
*33/*51	1	IM 
*33/*56	1	IM 
*33/*57	1	IM 
*33/*60	1	IM 
*33/*62	1	IM 
*33/*68	1	IM 
*33/*69	1	IM 
*33/*92	1	IM 
*33/*96	1	IM 
*33/*99	1	IM 
*33/*100	1	IM 
*33/*101	1	IM 
*34/*36	1	IM 
*34/*36xN	1	IM 
*34/*38	1	IM 
*34/*40	1	IM 
*34/*42	1	IM 
*34/*44	1	IM 
*34/*47	1	IM 
*34/*51	1	IM 
*34/*56	1	IM 
*34/*57	1	IM 
*34/*60	1	IM 
*34/*62	1	IM 
*34/*68	1	IM 
*34/*69	1	IM 
*34/*92	1	IM 
*34/*96	1	IM 
*34/*99	1	IM 
*34/*100	1	IM 
*34/*101	1	IM 
*35/*36	1	IM 
*35/*36xN	1	IM 
*35/*38	1	IM 
*35/*40	1	IM 
*35/*42	1	IM 
*35/*44	1	IM 
*35/*47	1	IM 
*35/*51	1	IM 
*35/*56	1	IM 
*35/*57	1	IM 
*35/*60	1	IM 
*35/*62	1	IM 
*35/*68	1	IM 
*35/*69	1	IM 
*35/*92	1	IM 
*35/*96	1	IM 
*35/*99	1	IM 
*35/*100	1	IM 
*35/*101	1	IM 
*36/*39	1	IM 
*36/*41x2	1	IM 
*36/*45	1	IM 
*36/*46	1	IM 
*36/*48	1	IM 
*36/*53	1	IM 
*36xN/*39	1	IM 
*36xN/*41x2	1	IM 
*36xN/*45	1	IM 
*36xN/*46	1	IM 
*36xN/*48	1	IM 
*36xN/*53	1	IM 
*38/*39	1	IM 
*38/*41x2	1	IM 
*38/*45	1	IM 
*38/*46	1	IM 
*38/*48	1	IM 
*38/*53	1	IM 
*39/*40	1	IM 
*39/*42	1	IM 
*39/*44	1	IM 
*39/*47	1	IM 
*39/*51	1	IM 
*39/*56	1	IM 
*39/*57	1	IM 
*39/*60	1	IM 
*39/*62	1	IM 
*39/*68	1	IM 
*39/*69	1	IM 
*39/*92	1	IM 
*39/*96	1	IM 
*39/*99	1	IM 
*39/*100	1	IM 
*39/*101	1	IM 
*40/*41x2	1	IM 
*40/*45	1	IM 
*40/*46	1	IM 
*40/*48	1	IM 
*40/*53	1	IM 
*41/*41	1	IM 
*41/*49	1	IM 
*41/*50	1	IM 
*41/*54	1	IM 
*41/*55	1	IM 
*41/*59	1	IM 
*41/*72	1	IM 
*41/*84	1	IM 
*41x2/*42	1	IM 
*41x2/*44	1	IM 
*41x2/*47	1	IM 
*41x2/*51	1	IM 
*41x2/*56	1	IM 
*41x2/*57	1	IM 
*41x2/*60	1	IM 
*41x2/*62	1	IM 
*41x2/*68	1	IM 
*41x2/*69	1	IM 
*41x2/*92	1	IM 
*41x2/*96	1	IM 
*41x2/*99	1	IM 
*41x2/*100	1	IM 
*41x2/*101	1	IM 
*42/*45	1	IM 
*42/*46	1	IM 
*42/*48	1	IM 
*42/*53	1	IM 
*44/*45	1	IM 
*44/*46	1	IM 
*44/*48	1	IM 
*44/*53	1	IM 
*45/*47	1	IM 
*45/*51	1	IM 
*45/*56	1	IM 
*45/*57	1	IM 
*45/*60	1	IM 
*45/*62	1	IM 
*45/*68	1	IM 
*45/*69	1	IM 
*45/*92	1	IM 
*45/*96	1	IM 
*45/*99	1	IM 
*45/*100	1	IM 
*45/*101	1	IM 
*46/*47	1	IM 
*46/*51	1	IM 
*46/*56	1	IM 
*46/*57	1	IM 
*46/*60	1	IM 
*46/*62	1	IM 
*46/*68	1	IM 
*46/*69	1	IM 
*46/*92	1	IM 
*46/*96	1	IM 
*46/*99	1	IM 
*46/*100	1	IM 
*46/*101	1	IM 
*47/*48	1	IM 
*47/*53	1	IM 
*48/*51	1	IM 
*48/*56	1	IM 
*48/*57	1	IM 
*48/*60	1	IM 
*48/*62	1	IM 
*48/*68	1	IM 
*48/*69	1	IM 
*48/*92	1	IM 
*48/*96	1	IM 
*48/*99	1	IM 
*48/*100	1	IM 
*48/*101	1	IM 
*49/*49	1	IM 
*49/*50	1	IM 
*49/*54	1	IM 
*49/*55	1	IM 
*49/*59	1	IM 
*49/*72	1	IM 
*49/*84	1	IM 
*50/*50	1	IM 
*50/*54	1	IM 
*50/*55	1	IM 
*50/*59	1	IM 
*50/*72	1	IM 
*50/*84	1	IM 
*51/*53	1	IM 
*53/*56	1	IM 
*53/*57	1	IM 
*53/*60	1	IM 
*53/*62	1	IM 
*53/*68	1	IM 
*53/*69	1	IM 
*53/*92	1	IM 
*53/*96	1	IM 
*53/*99	1	IM 
*53/*100	1	IM 
*53/*101	1	IM 
*54/*54	1	IM 
*54/*55	1	IM 
*54/*59	1	IM 
*54/*72	1	IM 
*54/*84	1	IM 
*55/*55	1	IM 
*55/*59	1	IM 
*55/*72	1	IM 
*55/*84	1	IM 
*59/*59	1	IM 
*59/*72	1	IM 
*59/*84	1	IM 
*72/*72	1	IM 
*72/*84	1	IM 
*84/*84	1	IM 
*1/*10	1.25	EM 
*2 /*10	1.25	EM 
*9x2/*10	1.25	EM 
*10/*17x2	1.25	EM 
*10/*27	1.25	EM 
*10/*29x2	1.25	EM 
*10/*33	1.25	EM 
*10/*34	1.25	EM 
*10/*35	1.25	EM 
*10/*39	1.25	EM 
*10/*41x2	1.25	EM 
*10/*45	1.25	EM 
*10/*46	1.25	EM 
*10/*48	1.25	EM 
*10/*53	1.25	EM 
*1/*9	1.5	EM 
*1/*10x2	1.5	EM 
*1/*14	1.5	EM 
*1/*17	1.5	EM 
*1/*29	1.5	EM 
*1/*41	1.5	EM 
*1/*49	1.5	EM 
*1/*50	1.5	EM 
*1/*54	1.5	EM 
*1/*55	1.5	EM 
*1/*59	1.5	EM 
*1/*72	1.5	EM 
*1/*84	1.5	EM 
*2 /*9	1.5	EM 
*2 /*10x2	1.5	EM 
*2 /*14	1.5	EM 
*2 /*17	1.5	EM 
*2 /*29	1.5	EM 
*2 /*41	1.5	EM 
*2 /*49	1.5	EM 
*2 /*50	1.5	EM 
*2 /*54	1.5	EM 
*2 /*55	1.5	EM 
*2 /*59	1.5	EM 
*2 /*72	1.5	EM 
*2 /*84	1.5	EM 
*9/*9x2	1.5	EM 
*9/*17x2	1.5	EM 
*9/*27	1.5	EM 
*9/*29x2	1.5	EM 
*9/*33	1.5	EM 
*9/*34	1.5	EM 
*9/*35	1.5	EM 
*9/*39	1.5	EM 
*9/*41x2	1.5	EM 
*9/*45	1.5	EM 
*9/*46	1.5	EM 
*9/*48	1.5	EM 
*9/*53	1.5	EM 
*9x2/*10x2	1.5	EM 
*9x2/*14	1.5	EM 
*9x2/*17	1.5	EM 
*9x2/*29	1.5	EM 
*9x2/*41	1.5	EM 
*9x2/*49	1.5	EM 
*9x2/*50	1.5	EM 
*9x2/*54	1.5	EM 
*9x2/*55	1.5	EM 
*9x2/*59	1.5	EM 
*9x2/*72	1.5	EM 
*9x2/*84	1.5	EM 
*10x2/*17x2	1.5	EM 
*10x2/*27	1.5	EM 
*10x2/*29x2	1.5	EM 
*10x2/*33	1.5	EM 
*10x2/*34	1.5	EM 
*10x2/*35	1.5	EM 
*10x2/*39	1.5	EM 
*10x2/*41x2	1.5	EM 
*10x2/*45	1.5	EM 
*10x2/*46	1.5	EM 
*10x2/*48	1.5	EM 
*10x2/*53	1.5	EM 
*14/*17x2	1.5	EM 
*14/*27	1.5	EM 
*14/*29x2	1.5	EM 
*14/*33	1.5	EM 
*14/*34	1.5	EM 
*14/*35	1.5	EM 
*14/*39	1.5	EM 
*14/*41x2	1.5	EM 
*14/*45	1.5	EM 
*14/*46	1.5	EM 
*14/*48	1.5	EM 
*14/*53	1.5	EM 
*17/*17x2	1.5	EM 
*17/*27	1.5	EM 
*17/*29x2	1.5	EM 
*17/*33	1.5	EM 
*17/*34	1.5	EM 
*17/*35	1.5	EM 
*17/*39	1.5	EM 
*17/*41x2	1.5	EM 
*17/*45	1.5	EM 
*17/*46	1.5	EM 
*17/*48	1.5	EM 
*17/*53	1.5	EM 
*17x2/*29	1.5	EM 
*17x2/*41	1.5	EM 
*17x2/*49	1.5	EM 
*17x2/*50	1.5	EM 
*17x2/*54	1.5	EM 
*17x2/*55	1.5	EM 
*17x2/*59	1.5	EM 
*17x2/*72	1.5	EM 
*17x2/*84	1.5	EM 
*27/*29	1.5	EM 
*27/*41	1.5	EM 
*27/*49	1.5	EM 
*27/*50	1.5	EM 
*27/*54	1.5	EM 
*27/*55	1.5	EM 
*27/*59	1.5	EM 
*27/*72	1.5	EM 
*27/*84	1.5	EM 
*29/*29x2	1.5	EM 
*29/*33	1.5	EM 
*29/*34	1.5	EM 
*29/*35	1.5	EM 
*29/*39	1.5	EM 
*29/*41x2	1.5	EM 
*29/*45	1.5	EM 
*29/*46	1.5	EM 
*29/*48	1.5	EM 
*29/*53	1.5	EM 
*29x2/*41	1.5	EM 
*29x2/*49	1.5	EM 
*29x2/*50	1.5	EM 
*29x2/*54	1.5	EM 
*29x2/*55	1.5	EM 
*29x2/*59	1.5	EM 
*29x2/*72	1.5	EM 
*29x2/*84	1.5	EM 
*33/*41	1.5	EM 
*33/*49	1.5	EM 
*33/*50	1.5	EM 
*33/*54	1.5	EM 
*33/*55	1.5	EM 
*33/*59	1.5	EM 
*33/*72	1.5	EM 
*33/*84	1.5	EM 
*34/*41	1.5	EM 
*34/*49	1.5	EM 
*34/*50	1.5	EM 
*34/*54	1.5	EM 
*34/*55	1.5	EM 
*34/*59	1.5	EM 
*34/*72	1.5	EM 
*34/*84	1.5	EM 
*35/*41	1.5	EM 
*35/*49	1.5	EM 
*35/*50	1.5	EM 
*35/*54	1.5	EM 
*35/*55	1.5	EM 
*35/*59	1.5	EM 
*35/*72	1.5	EM 
*35/*84	1.5	EM 
*39/*41	1.5	EM 
*39/*49	1.5	EM 
*39/*50	1.5	EM 
*39/*54	1.5	EM 
*39/*55	1.5	EM 
*39/*59	1.5	EM 
*39/*72	1.5	EM 
*39/*84	1.5	EM 
*41/*41x2	1.5	EM 
*41/*45	1.5	EM 
*41/*46	1.5	EM 
*41/*48	1.5	EM 
*41/*53	1.5	EM 
*41x2/*49	1.5	EM 
*41x2/*50	1.5	EM 
*41x2/*54	1.5	EM 
*41x2/*55	1.5	EM 
*41x2/*59	1.5	EM 
*41x2/*72	1.5	EM 
*41x2/*84	1.5	EM 
*45/*49	1.5	EM 
*45/*50	1.5	EM 
*45/*54	1.5	EM 
*45/*55	1.5	EM 
*45/*59	1.5	EM 
*45/*72	1.5	EM 
*45/*84	1.5	EM 
*46/*49	1.5	EM 
*46/*50	1.5	EM 
*46/*54	1.5	EM 
*46/*55	1.5	EM 
*46/*59	1.5	EM 
*46/*72	1.5	EM 
*46/*84	1.5	EM 
*48/*49	1.5	EM 
*48/*50	1.5	EM 
*48/*54	1.5	EM 
*48/*55	1.5	EM 
*48/*59	1.5	EM 
*48/*72	1.5	EM 
*48/*84	1.5	EM 
*49/*53	1.5	EM 
*50/*53	1.5	EM 
*53/*54	1.5	EM 
*53/*55	1.5	EM 
*53/*59	1.5	EM 
*53/*72	1.5	EM 
*53/*84	1.5	EM 
*1/*1	2	EM 
*1/*2 	2	EM 
*1/*9x2	2	EM 
*1/*17x2	2	EM 
*1/*27	2	EM 
*1/*29x2	2	EM 
*1/*33	2	EM 
*1/*34	2	EM 
*1/*35	2	EM 
*1/*39	2	EM 
*1/*41x2	2	EM 
*1/*45	2	EM 
*1/*46	2	EM 
*1/*48	2	EM 
*1/*53	2	EM 
*1x2/*3	2	EM 
*1x2/*3xN	2	EM 
*1x2/*4	2	EM 
*1x2/*4xN	2	EM 
*1x2/*5	2	EM 
*1x2/*6	2	EM 
*1x2/*6xN	2	EM 
*1x2/*7	2	EM 
*1x2/*8	2	EM 
*1x2/*11	2	EM 
*1x2/*12	2	EM 
*1x2/*13	2	EM 
*1x2/*114	2	EM 
*1x2/*15	2	EM 
*1x2/*18	2	EM 
*1x2/*19	2	EM 
*1x2/*20	2	EM 
*1x2/*21	2	EM 
*1x2/*31	2	EM 
*1x2/*36	2	EM 
*1x2/*36xN	2	EM 
*1x2/*38	2	EM 
*1x2/*40	2	EM 
*1x2/*42	2	EM 
*1x2/*44	2	EM 
*1x2/*47	2	EM 
*1x2/*51	2	EM 
*1x2/*56	2	EM 
*1x2/*57	2	EM 
*1x2/*60	2	EM 
*1x2/*62	2	EM 
*1x2/*68	2	EM 
*1x2/*69	2	EM 
*1x2/*92	2	EM 
*1x2/*96	2	EM 
*1x2/*99	2	EM 
*1x2/*100	2	EM 
*1x2/*101	2	EM 
*2 /*2 	2	EM 
*2 /*9x2	2	EM 
*2 /*17x2	2	EM 
*2 /*27	2	EM 
*2 /*29x2	2	EM 
*2 /*33	2	EM 
*2 /*34	2	EM 
*2 /*35	2	EM 
*2 /*39	2	EM 
*2 /*41x2	2	EM 
*2 /*45	2	EM 
*2 /*46	2	EM 
*2 /*48	2	EM 
*2 /*53	2	EM 
*2x2/*3	2	EM 
*2x2/*3xN	2	EM 
*2x2/*4	2	EM 
*2x2/*4xN	2	EM 
*2x2/*5	2	EM 
*2x2/*6	2	EM 
*2x2/*6xN	2	EM 
*2x2/*7	2	EM 
*2x2/*8	2	EM 
*2x2/*11	2	EM 
*2x2/*12	2	EM 
*2x2/*13	2	EM 
*2x2/*114	2	EM 
*2x2/*15	2	EM 
*2x2/*18	2	EM 
*2x2/*19	2	EM 
*2x2/*20	2	EM 
*2x2/*21	2	EM 
*2x2/*31	2	EM 
*2x2/*36	2	EM 
*2x2/*36xN	2	EM 
*2x2/*38	2	EM 
*2x2/*40	2	EM 
*2x2/*42	2	EM 
*2x2/*44	2	EM 
*2x2/*47	2	EM 
*2x2/*51	2	EM 
*2x2/*56	2	EM 
*2x2/*57	2	EM 
*2x2/*60	2	EM 
*2x2/*62	2	EM 
*2x2/*68	2	EM 
*2x2/*69	2	EM 
*2x2/*92	2	EM 
*2x2/*96	2	EM 
*2x2/*99	2	EM 
*2x2/*100	2	EM 
*2x2/*101	2	EM 
*3/*35x2	2	EM 
*3/*45x2	2	EM 
*3xN/*35x2	2	EM 
*3xN/*45x2	2	EM 
*4/*35x2	2	EM 
*4/*45x2	2	EM 
*4xN/*35x2	2	EM 
*4xN/*45x2	2	EM 
*5/*35x2	2	EM 
*5/*45x2	2	EM 
*6/*35x2	2	EM 
*6/*45x2	2	EM 
*6xN/*35x2	2	EM 
*6xN/*45x2	2	EM 
*7/*35x2	2	EM 
*7/*45x2	2	EM 
*8/*35x2	2	EM 
*8/*45x2	2	EM 
*9x2/*9x2	2	EM 
*9x2/*17x2	2	EM 
*9x2/*27	2	EM 
*9x2/*29x2	2	EM 
*9x2/*33	2	EM 
*9x2/*34	2	EM 
*9x2/*35	2	EM 
*9x2/*39	2	EM 
*9x2/*41x2	2	EM 
*9x2/*45	2	EM 
*9x2/*46	2	EM 
*9x2/*48	2	EM 
*9x2/*53	2	EM 
*11/*35x2	2	EM 
*11/*45x2	2	EM 
*12/*35x2	2	EM 
*12/*45x2	2	EM 
*13/*35x2	2	EM 
*13/*45x2	2	EM 
*114/*35x2	2	EM 
*114/*45x2	2	EM 
*15/*35x2	2	EM 
*15/*45x2	2	EM 
*17x2/*17x2	2	EM 
*17x2/*27	2	EM 
*17x2/*29x2	2	EM 
*17x2/*33	2	EM 
*17x2/*34	2	EM 
*17x2/*35	2	EM 
*17x2/*39	2	EM 
*17x2/*41x2	2	EM 
*17x2/*45	2	EM 
*17x2/*46	2	EM 
*17x2/*48	2	EM 
*17x2/*53	2	EM 
*18/*35x2	2	EM 
*18/*45x2	2	EM 
*19/*35x2	2	EM 
*19/*45x2	2	EM 
*20/*35x2	2	EM 
*20/*45x2	2	EM 
*21/*35x2	2	EM 
*21/*45x2	2	EM 
*27/*27	2	EM 
*27/*29x2	2	EM 
*27/*33	2	EM 
*27/*34	2	EM 
*27/*35	2	EM 
*27/*39	2	EM 
*27/*41x2	2	EM 
*27/*45	2	EM 
*27/*46	2	EM 
*27/*48	2	EM 
*27/*53	2	EM 
*29x2/*29x2	2	EM 
*29x2/*33	2	EM 
*29x2/*34	2	EM 
*29x2/*35	2	EM 
*29x2/*39	2	EM 
*29x2/*41x2	2	EM 
*29x2/*45	2	EM 
*29x2/*46	2	EM 
*29x2/*48	2	EM 
*29x2/*53	2	EM 
*31/*35x2	2	EM 
*31/*45x2	2	EM 
*33/*33	2	EM 
*33/*34	2	EM 
*33/*35	2	EM 
*33/*39	2	EM 
*33/*41x2	2	EM 
*33/*45	2	EM 
*33/*46	2	EM 
*33/*48	2	EM 
*33/*53	2	EM 
*34/*34	2	EM 
*34/*35	2	EM 
*34/*39	2	EM 
*34/*41x2	2	EM 
*34/*45	2	EM 
*34/*46	2	EM 
*34/*48	2	EM 
*34/*53	2	EM 
*35/*35	2	EM 
*35/*39	2	EM 
*35/*41x2	2	EM 
*35/*45	2	EM 
*35/*46	2	EM 
*35/*48	2	EM 
*35/*53	2	EM 
*35x2/*36	2	EM 
*35x2/*36xN	2	EM 
*35x2/*38	2	EM 
*35x2/*40	2	EM 
*35x2/*42	2	EM 
*35x2/*44	2	EM 
*35x2/*47	2	EM 
*35x2/*51	2	EM 
*35x2/*56	2	EM 
*35x2/*57	2	EM 
*35x2/*60	2	EM 
*35x2/*62	2	EM 
*35x2/*68	2	EM 
*35x2/*69	2	EM 
*35x2/*92	2	EM 
*35x2/*96	2	EM 
*35x2/*99	2	EM 
*35x2/*100	2	EM 
*35x2/*101	2	EM 
*36/*45x2	2	EM 
*36xN/*45x2	2	EM 
*38/*45x2	2	EM 
*39/*39	2	EM 
*39/*41x2	2	EM 
*39/*45	2	EM 
*39/*46	2	EM 
*39/*48	2	EM 
*39/*53	2	EM 
*40/*45x2	2	EM 
*41x2/*41x2	2	EM 
*41x2/*45	2	EM 
*41x2/*46	2	EM 
*41x2/*48	2	EM 
*41x2/*53	2	EM 
*42/*45x2	2	EM 
*44/*45x2	2	EM 
*45/*45	2	EM 
*45/*46	2	EM 
*45/*48	2	EM 
*45/*53	2	EM 
*45x2/*47	2	EM 
*45x2/*51	2	EM 
*45x2/*56	2	EM 
*45x2/*57	2	EM 
*45x2/*60	2	EM 
*45x2/*62	2	EM 
*45x2/*68	2	EM 
*45x2/*69	2	EM 
*45x2/*92	2	EM 
*45x2/*96	2	EM 
*45x2/*99	2	EM 
*45x2/*100	2	EM 
*45x2/*101	2	EM 
*46/*46	2	EM 
*46/*48	2	EM 
*46/*53	2	EM 
*48/*48	2	EM 
*48/*53	2	EM 
*53/*53	2	EM 
*1x2/*10	2.25	EM 
*2x2/*10	2.25	EM 
*10/*35x2	2.25	EM 
*10/*45x2	2.25	EM 
*1x2/*9	2.5	UM 
*1x2/*10x2	2.5	UM 
*1x2/*14	2.5	UM 
*1x2/*17	2.5	UM 
*1x2/*29	2.5	UM 
*1x2/*41	2.5	UM 
*1x2/*49	2.5	UM 
*1x2/*50	2.5	UM 
*1x2/*54	2.5	UM 
*1x2/*55	2.5	UM 
*1x2/*59	2.5	UM 
*1x2/*72	2.5	UM 
*1x2/*84	2.5	UM 
*2x2/*9	2.5	UM 
*2x2/*10x2	2.5	UM 
*2x2/*14	2.5	UM 
*2x2/*17	2.5	UM 
*2x2/*29	2.5	UM 
*2x2/*41	2.5	UM 
*2x2/*49	2.5	UM 
*2x2/*50	2.5	UM 
*2x2/*54	2.5	UM 
*2x2/*55	2.5	UM 
*2x2/*59	2.5	UM 
*2x2/*72	2.5	UM 
*2x2/*84	2.5	UM 
*9/*35x2	2.5	UM 
*9/*45x2	2.5	UM 
*10x2/*35x2	2.5	UM 
*10x2/*45x2	2.5	UM 
*14/*35x2	2.5	UM 
*14/*45x2	2.5	UM 
*17/*35x2	2.5	UM 
*17/*45x2	2.5	UM 
*29/*35x2	2.5	UM 
*29/*45x2	2.5	UM 
*35x2/*41	2.5	UM 
*35x2/*49	2.5	UM 
*35x2/*50	2.5	UM 
*35x2/*54	2.5	UM 
*35x2/*55	2.5	UM 
*35x2/*59	2.5	UM 
*35x2/*72	2.5	UM 
*35x2/*84	2.5	UM 
*41/*45x2	2.5	UM 
*45x2/*49	2.5	UM 
*45x2/*50	2.5	UM 
*45x2/*54	2.5	UM 
*45x2/*55	2.5	UM 
*45x2/*59	2.5	UM 
*45x2/*72	2.5	UM 
*45x2/*84	2.5	UM 
*1/*1x2	3	UM 
*1/*2x2	3	UM 
*1/*35x2	3	UM 
*1/*45x2	3	UM 
*1x2/*2 	3	UM 
*1x2/*9x2	3	UM 
*1x2/*17x2	3	UM 
*1x2/*27	3	UM 
*1x2/*29x2	3	UM 
*1x2/*33	3	UM 
*1x2/*34	3	UM 
*1x2/*35	3	UM 
*1x2/*39	3	UM 
*1x2/*41x2	3	UM 
*1x2/*45	3	UM 
*1x2/*46	3	UM 
*1x2/*48	3	UM 
*1x2/*53	3	UM 
*2 /*2x2	3	UM 
*2 /*35x2	3	UM 
*2 /*45x2	3	UM 
*2x2/*9x2	3	UM 
*2x2/*17x2	3	UM 
*2x2/*27	3	UM 
*2x2/*29x2	3	UM 
*2x2/*33	3	UM 
*2x2/*34	3	UM 
*2x2/*35	3	UM 
*2x2/*39	3	UM 
*2x2/*41x2	3	UM 
*2x2/*45	3	UM 
*2x2/*46	3	UM 
*2x2/*48	3	UM 
*2x2/*53	3	UM 
*9x2/*35x2	3	UM 
*9x2/*45x2	3	UM 
*17x2/*35x2	3	UM 
*17x2/*45x2	3	UM 
*27/*35x2	3	UM 
*27/*45x2	3	UM 
*29x2/*35x2	3	UM 
*29x2/*45x2	3	UM 
*33/*35x2	3	UM 
*33/*45x2	3	UM 
*34/*35x2	3	UM 
*34/*45x2	3	UM 
*35/*35x2	3	UM 
*35/*45x2	3	UM 
*35x2/*39	3	UM 
*35x2/*41x2	3	UM 
*35x2/*45	3	UM 
*35x2/*46	3	UM 
*35x2/*48	3	UM 
*35x2/*53	3	UM 
*39/*45x2	3	UM 
*41x2/*45x2	3	UM 
*45/*45x2	3	UM 
*45x2/*46	3	UM 
*45x2/*48	3	UM 
*45x2/*53	3	UM 
*1x2/*1x2	4	UM 
*1x2/*2x2	4	UM 
*1x2/*35x2	4	UM 
*1x2/*45x2	4	UM 
*2x2/*2x2	4	UM 
*2x2/*35x2	4	UM 
*2x2/*45x2	4	UM 
*35x2/*35x2	4	UM 
*35x2/*45x2	4	UM 
*45x2/*45x2	4	UM 
*1xM/*3	>2	UM 
*1xM/*3xN	>2	UM 
*1xM/*4	>2	UM 
*1xM/*4xN	>2	UM 
*1xM/*5	>2	UM 
*1xM/*6	>2	UM 
*1xM/*6xN	>2	UM 
*1xM/*7	>2	UM 
*1xM/*8	>2	UM 
*1xM/*11	>2	UM 
*1xM/*12	>2	UM 
*1xM/*13	>2	UM 
*1xM/*114	>2	UM 
*1xM/*15	>2	UM 
*1xM/*18	>2	UM 
*1xM/*19	>2	UM 
*1xM/*20	>2	UM 
*1xM/*21	>2	UM 
*1xM/*31	>2	UM 
*1xM/*36	>2	UM 
*1xM/*36xN	>2	UM 
*1xM/*38	>2	UM 
*1xM/*40	>2	UM 
*1xM/*42	>2	UM 
*1xM/*44	>2	UM 
*1xM/*47	>2	UM 
*1xM/*51	>2	UM 
*1xM/*56	>2	UM 
*1xM/*57	>2	UM 
*1xM/*60	>2	UM 
*1xM/*62	>2	UM 
*1xM/*68	>2	UM 
*1xM/*69	>2	UM 
*1xM/*92	>2	UM 
*1xM/*96	>2	UM 
*1xM/*99	>2	UM 
*1xM/*100	>2	UM 
*1xM/*101	>2	UM 
*2xM/*3	>2	UM 
*2xM/*3xN	>2	UM 
*2xM/*4	>2	UM 
*2xM/*4xN	>2	UM 
*2xM/*5	>2	UM 
*2xM/*6	>2	UM 
*2xM/*6xN	>2	UM 
*2xM/*7	>2	UM 
*2xM/*8	>2	UM 
*2xM/*11	>2	UM 
*2xM/*12	>2	UM 
*2xM/*13	>2	UM 
*2xM/*114	>2	UM 
*2xM/*15	>2	UM 
*2xM/*18	>2	UM 
*2xM/*19	>2	UM 
*2xM/*20	>2	UM 
*2xM/*21	>2	UM 
*2xM/*31	>2	UM 
*2xM/*36	>2	UM 
*2xM/*36xN	>2	UM 
*2xM/*38	>2	UM 
*2xM/*40	>2	UM 
*2xM/*42	>2	UM 
*2xM/*44	>2	UM 
*2xM/*47	>2	UM 
*2xM/*51	>2	UM 
*2xM/*56	>2	UM 
*2xM/*57	>2	UM 
*2xM/*60	>2	UM 
*2xM/*62	>2	UM 
*2xM/*68	>2	UM 
*2xM/*69	>2	UM 
*2xM/*92	>2	UM 
*2xM/*96	>2	UM 
*2xM/*99	>2	UM 
*2xM/*100	>2	UM 
*2xM/*101	>2	UM 
*3/*35xM	>2	UM 
*3/*45xM	>2	UM 
*3xN/*35xM	>2	UM 
*3xN/*45xM	>2	UM 
*4/*35xM	>2	UM 
*4/*45xM	>2	UM 
*4xN/*35xM	>2	UM 
*4xN/*45xM	>2	UM 
*5/*35xM	>2	UM 
*5/*45xM	>2	UM 
*6/*35xM	>2	UM 
*6/*45xM	>2	UM 
*6xN/*35xM	>2	UM 
*6xN/*45xM	>2	UM 
*7/*35xM	>2	UM 
*7/*45xM	>2	UM 
*8/*35xM	>2	UM 
*8/*45xM	>2	UM 
*11/*35xM	>2	UM 
*11/*45xM	>2	UM 
*12/*35xM	>2	UM 
*12/*45xM	>2	UM 
*13/*35xM	>2	UM 
*13/*45xM	>2	UM 
*114/*35xM	>2	UM 
*114/*45xM	>2	UM 
*15/*35xM	>2	UM 
*15/*45xM	>2	UM 
*18/*35xM	>2	UM 
*18/*45xM	>2	UM 
*19/*35xM	>2	UM 
*19/*45xM	>2	UM 
*20/*35xM	>2	UM 
*20/*45xM	>2	UM 
*21/*35xM	>2	UM 
*21/*45xM	>2	UM 
*31/*35xM	>2	UM 
*31/*45xM	>2	UM 
*35xM/*36	>2	UM 
*35xM/*36xN	>2	UM 
*35xM/*38	>2	UM 
*35xM/*40	>2	UM 
*35xM/*42	>2	UM 
*35xM/*44	>2	UM 
*35xM/*47	>2	UM 
*35xM/*51	>2	UM 
*35xM/*56	>2	UM 
*35xM/*57	>2	UM 
*35xM/*60	>2	UM 
*35xM/*62	>2	UM 
*35xM/*68	>2	UM 
*35xM/*69	>2	UM 
*35xM/*92	>2	UM 
*35xM/*96	>2	UM 
*35xM/*99	>2	UM 
*35xM/*100	>2	UM 
*35xM/*101	>2	UM 
*36/*45xM	>2	UM 
*36xN/*45xM	>2	UM 
*38/*45xM	>2	UM 
*40/*45xM	>2	UM 
*42/*45xM	>2	UM 
*44/*45xM	>2	UM 
*45xM/*47	>2	UM 
*45xM/*51	>2	UM 
*45xM/*56	>2	UM 
*45xM/*57	>2	UM 
*45xM/*60	>2	UM 
*45xM/*62	>2	UM 
*45xM/*68	>2	UM 
*45xM/*69	>2	UM 
*45xM/*92	>2	UM 
*45xM/*96	>2	UM 
*45xM/*99	>2	UM 
*45xM/*100	>2	UM 
*45xM/*101	>2	UM 
*1xM/*10	>2.25	UM 
*2xM/*10	>2.25	UM 
*10/*35xM	>2.25	UM 
*10/*45xM	>2.25	UM 
*1xM/*9	>2.5	UM 
*1xM/*10x2	>2.5	UM 
*1xM/*14	>2.5	UM 
*1xM/*17	>2.5	UM 
*1xM/*29	>2.5	UM 
*1xM/*41	>2.5	UM 
*1xM/*49	>2.5	UM 
*1xM/*50	>2.5	UM 
*1xM/*54	>2.5	UM 
*1xM/*55	>2.5	UM 
*1xM/*59	>2.5	UM 
*1xM/*72	>2.5	UM 
*1xM/*84	>2.5	UM 
*2xM/*9	>2.5	UM 
*2xM/*10x2	>2.5	UM 
*2xM/*14	>2.5	UM 
*2xM/*17	>2.5	UM 
*2xM/*29	>2.5	UM 
*2xM/*41	>2.5	UM 
*2xM/*49	>2.5	UM 
*2xM/*50	>2.5	UM 
*2xM/*54	>2.5	UM 
*2xM/*55	>2.5	UM 
*2xM/*59	>2.5	UM 
*2xM/*72	>2.5	UM 
*2xM/*84	>2.5	UM 
*9/*35xM	>2.5	UM 
*9/*45xM	>2.5	UM 
*10x2/*35xM	>2.5	UM 
*10x2/*45xM	>2.5	UM 
*14/*35xM	>2.5	UM 
*14/*45xM	>2.5	UM 
*17/*35xM	>2.5	UM 
*17/*45xM	>2.5	UM 
*29/*35xM	>2.5	UM 
*29/*45xM	>2.5	UM 
*35xM/*41	>2.5	UM 
*35xM/*49	>2.5	UM 
*35xM/*50	>2.5	UM 
*35xM/*54	>2.5	UM 
*35xM/*55	>2.5	UM 
*35xM/*59	>2.5	UM 
*35xM/*72	>2.5	UM 
*35xM/*84	>2.5	UM 
*41/*45xM	>2.5	UM 
*45xM/*49	>2.5	UM 
*45xM/*50	>2.5	UM 
*45xM/*54	>2.5	UM 
*45xM/*55	>2.5	UM 
*45xM/*59	>2.5	UM 
*45xM/*72	>2.5	UM 
*45xM/*84	>2.5	UM 
*1/*1xM	>3	UM 
*1/*2xM	>3	UM 
*1/*35xM	>3	UM 
*1/*45xM	>3	UM 
*1xM/*2 	>3	UM 
*1xM/*9x2	>3	UM 
*1xM/*17x2	>3	UM 
*1xM/*27	>3	UM 
*1xM/*29x2	>3	UM 
*1xM/*33	>3	UM 
*1xM/*34	>3	UM 
*1xM/*35	>3	UM 
*1xM/*39	>3	UM 
*1xM/*41x2	>3	UM 
*1xM/*45	>3	UM 
*1xM/*46	>3	UM 
*1xM/*48	>3	UM 
*1xM/*53	>3	UM 
*2 /*2xM	>3	UM 
*2 /*35xM	>3	UM 
*2 /*45xM	>3	UM 
*2xM/*9x2	>3	UM 
*2xM/*17x2	>3	UM 
*2xM/*27	>3	UM 
*2xM/*29x2	>3	UM 
*2xM/*33	>3	UM 
*2xM/*34	>3	UM 
*2xM/*35	>3	UM 
*2xM/*39	>3	UM 
*2xM/*45	>3	UM 
*2xM/*46	>3	UM 
*2xM/*48	>3	UM 
*2xM/*53	>3	UM 
*9x2/*35xM	>3	UM 
*9x2/*45xM	>3	UM 
*17x2/*35xM	>3	UM 
*17x2/*45xM	>3	UM 
*27/*35xM	>3	UM 
*27/*45xM	>3	UM 
*29x2/*35xM	>3	UM 
*29x2/*45xM	>3	UM 
*33/*35xM	>3	UM 
*33/*45xM	>3	UM 
*34/*35xM	>3	UM 
*34/*45xM	>3	UM 
*35/*35xM	>3	UM 
*35/*45xM	>3	UM 
*35xM/*39	>3	UM 
*35xM/*41x2	>3	UM 
*35xM/*45	>3	UM 
*35xM/*46	>3	UM 
*35xM/*48	>3	UM 
*35xM/*53	>3	UM 
*39/*45xM	>3	UM 
*41x2/*45xM	>3	UM 
*45/*45xM	>3	UM 
*45xM/*46	>3	UM 
*45xM/*48	>3	UM 
*45xM/*53	>3	UM 
*1x2/*1xM	>4	UM 
*1x2/*2xM	>4	UM 
*1x2/*35xM	>4	UM 
*1x2/*45xM	>4	UM 
*1xM/*1xM	>4	UM 
*1xM/*2x2	>4	UM 
*1xM/*2xM	>4	UM 
*1xM/*35x2	>4	UM 
*1xM/*35xM	>4	UM 
*1xM/*45x2	>4	UM 
*1xM/*45xM	>4	UM 
*2x2/*2xM	>4	UM 
*2x2/*35xM	>4	UM 
*2x2/*45xM	>4	UM 
*2xM/*35x2	>4	UM 
*2xM/*35xM	>4	UM 
*2xM/*45x2	>4	UM 
*2xM/*45xM	>4	UM 
*35x2/*35xM	>4	UM 
*35x2/*45xM	>4	UM 
*35xM/*35xM	>4	UM 
*35xM/*45x2	>4	UM 
*35xM/*45xM	>4	UM 
*45x2/*45xM	>4	UM 
*45xM/*45xM	>4	UM 
*3/*3	0	PM
*3/*3xN	0	PM
*3/*4	0	PM
*3/*4xN	0	PM
*3/*5	0	PM
*3/*6	0	PM
*3/*6xN	0	PM
*3/*7	0	PM
*3/*8	0	PM
*3/*11	0	PM
*3/*12	0	PM
*3/*13	0	PM
*3/*114	0	PM
*3/*15	0	PM
*3/*18	0	PM
*3/*19	0	PM
*3/*20	0	PM
*3/*21	0	PM
*3/*31	0	PM
*3/*36	0	PM
*3/*36xN	0	PM
*3/*38	0	PM
*3/*40	0	PM
*3/*42	0	PM
*3/*44	0	PM
*3/*47	0	PM
*3/*51	0	PM
*3/*56	0	PM
*3/*57	0	PM
*3/*60	0	PM
*3/*62	0	PM
*3/*68	0	PM
*3/*69	0	PM
*3/*92	0	PM
*3/*96	0	PM
*3/*99	0	PM
*3/*100	0	PM
*3/*101	0	PM
*3xN/*3xN	0	PM
*3xN/*4	0	PM
*3xN/*4xN	0	PM
*3xN/*5	0	PM
*3xN/*6	0	PM
*3xN/*6xN	0	PM
*3xN/*7	0	PM
*3xN/*8	0	PM
*3xN/*11	0	PM
*3xN/*12	0	PM
*3xN/*13	0	PM
*3xN/*114	0	PM
*3xN/*15	0	PM
*3xN/*18	0	PM
*3xN/*19	0	PM
*3xN/*20	0	PM
*3xN/*21	0	PM
*3xN/*31	0	PM
*3xN/*36	0	PM
*3xN/*36xN	0	PM
*3xN/*38	0	PM
*3xN/*40	0	PM
*3xN/*42	0	PM
*3xN/*44	0	PM
*3xN/*47	0	PM
*3xN/*51	0	PM
*3xN/*56	0	PM
*3xN/*57	0	PM
*3xN/*60	0	PM
*3xN/*62	0	PM
*3xN/*68	0	PM
*3xN/*69	0	PM
*3xN/*92	0	PM
*3xN/*96	0	PM
*3xN/*99	0	PM
*3xN/*100	0	PM
*3xN/*101	0	PM
*4/*4	0	PM
*4/*4xN	0	PM
*4/*5	0	PM
*4/*6	0	PM
*4/*6xN	0	PM
*4/*7	0	PM
*4/*8	0	PM
*4/*11	0	PM
*4/*12	0	PM
*4/*13	0	PM
*4/*114	0	PM
*4/*15	0	PM
*4/*18	0	PM
*4/*19	0	PM
*4/*20	0	PM
*4/*21	0	PM
*4/*31	0	PM
*4/*36	0	PM
*4/*36xN	0	PM
*4/*38	0	PM
*4/*40	0	PM
*4/*42	0	PM
*4/*44	0	PM
*4/*47	0	PM
*4/*51	0	PM
*4/*56	0	PM
*4/*57	0	PM
*4/*60	0	PM
*4/*62	0	PM
*4/*68	0	PM
*4/*69	0	PM
*4/*92	0	PM
*4/*96	0	PM
*4/*99	0	PM
*4/*100	0	PM
*4/*101	0	PM
*4xN/*4xN	0	PM
*4xN/*5	0	PM
*4xN/*6	0	PM
*4xN/*6xN	0	PM
*4xN/*7	0	PM
*4xN/*8	0	PM
*4xN/*11	0	PM
*4xN/*12	0	PM
*4xN/*13	0	PM
*4xN/*114	0	PM
*4xN/*15	0	PM
*4xN/*18	0	PM
*4xN/*19	0	PM
*4xN/*20	0	PM
*4xN/*21	0	PM
*4xN/*31	0	PM
*4xN/*36	0	PM
*4xN/*36xN	0	PM
*4xN/*38	0	PM
*4xN/*40	0	PM
*4xN/*42	0	PM
*4xN/*44	0	PM
*4xN/*47	0	PM
*4xN/*51	0	PM
*4xN/*56	0	PM
*4xN/*57	0	PM
*4xN/*60	0	PM
*4xN/*62	0	PM
*4xN/*68	0	PM
*4xN/*69	0	PM
*4xN/*92	0	PM
*4xN/*96	0	PM
*4xN/*99	0	PM
*4xN/*100	0	PM
*4xN/*101	0	PM
*5/*5	0	PM
*5/*6	0	PM
*5/*6xN	0	PM
*5/*7	0	PM
*5/*8	0	PM
*5/*11	0	PM
*5/*12	0	PM
*5/*13	0	PM
*5/*114	0	PM
*5/*15	0	PM
*5/*18	0	PM
*5/*19	0	PM
*5/*20	0	PM
*5/*21	0	PM
*5/*31	0	PM
*5/*36	0	PM
*5/*36xN	0	PM
*5/*38	0	PM
*5/*40	0	PM
*5/*42	0	PM
*5/*44	0	PM
*5/*47	0	PM
*5/*51	0	PM
*5/*56	0	PM
*5/*57	0	PM
*5/*60	0	PM
*5/*62	0	PM
*5/*68	0	PM
*5/*69	0	PM
*5/*92	0	PM
*5/*96	0	PM
*5/*99	0	PM
*5/*100	0	PM
*5/*101	0	PM
*6/*6	0	PM
*6/*6xN	0	PM
*6/*7	0	PM
*6/*8	0	PM
*6/*11	0	PM
*6/*12	0	PM
*6/*13	0	PM
*6/*114	0	PM
*6/*15	0	PM
*6/*18	0	PM
*6/*19	0	PM
*6/*20	0	PM
*6/*21	0	PM
*6/*31	0	PM
*6/*36	0	PM
*6/*36xN	0	PM
*6/*38	0	PM
*6/*40	0	PM
*6/*42	0	PM
*6/*44	0	PM
*6/*47	0	PM
*6/*51	0	PM
*6/*56	0	PM
*6/*57	0	PM
*6/*60	0	PM
*6/*62	0	PM
*6/*68	0	PM
*6/*69	0	PM
*6/*92	0	PM
*6/*96	0	PM
*6/*99	0	PM
*6/*100	0	PM
*6/*101	0	PM
*6xN/*6xN	0	PM
*6xN/*7	0	PM
*6xN/*8	0	PM
*6xN/*11	0	PM
*6xN/*12	0	PM
*6xN/*13	0	PM
*6xN/*114	0	PM
*6xN/*15	0	PM
*6xN/*18	0	PM
*6xN/*19	0	PM
*6xN/*20	0	PM
*6xN/*21	0	PM
*6xN/*31	0	PM
*6xN/*36	0	PM
*6xN/*36xN	0	PM
*6xN/*38	0	PM
*6xN/*40	0	PM
*6xN/*42	0	PM
*6xN/*44	0	PM
*6xN/*47	0	PM
*6xN/*51	0	PM
*6xN/*56	0	PM
*6xN/*57	0	PM
*6xN/*60	0	PM
*6xN/*62	0	PM
*6xN/*68	0	PM
*6xN/*69	0	PM
*6xN/*92	0	PM
*6xN/*96	0	PM
*6xN/*99	0	PM
*6xN/*100	0	PM
*6xN/*101	0	PM
*7/*7	0	PM
*7/*8	0	PM
*7/*11	0	PM
*7/*12	0	PM
*7/*13	0	PM
*7/*114	0	PM
*7/*15	0	PM
*7/*18	0	PM
*7/*19	0	PM
*7/*20	0	PM
*7/*21	0	PM
*7/*31	0	PM
*7/*36	0	PM
*7/*36xN	0	PM
*7/*38	0	PM
*7/*40	0	PM
*7/*42	0	PM
*7/*44	0	PM
*7/*47	0	PM
*7/*51	0	PM
*7/*56	0	PM
*7/*57	0	PM
*7/*60	0	PM
*7/*62	0	PM
*7/*68	0	PM
*7/*69	0	PM
*7/*92	0	PM
*7/*96	0	PM
*7/*99	0	PM
*7/*100	0	PM
*7/*101	0	PM
*8/*8	0	PM
*8/*11	0	PM
*8/*12	0	PM
*8/*13	0	PM
*8/*114	0	PM
*8/*15	0	PM
*8/*18	0	PM
*8/*19	0	PM
*8/*20	0	PM
*8/*21	0	PM
*8/*31	0	PM
*8/*36	0	PM
*8/*36xN	0	PM
*8/*38	0	PM
*8/*40	0	PM
*8/*42	0	PM
*8/*44	0	PM
*8/*47	0	PM
*8/*51	0	PM
*8/*56	0	PM
*8/*57	0	PM
*8/*60	0	PM
*8/*62	0	PM
*8/*68	0	PM
*8/*69	0	PM
*8/*92	0	PM
*8/*96	0	PM
*8/*99	0	PM
*8/*100	0	PM
*8/*101	0	PM
*11/*11	0	PM
*11/*12	0	PM
*11/*13	0	PM
*11/*114	0	PM
*11/*15	0	PM
*11/*18	0	PM
*11/*19	0	PM
*11/*20	0	PM
*11/*21	0	PM
*11/*31	0	PM
*11/*36	0	PM
*11/*36xN	0	PM
*11/*38	0	PM
*11/*40	0	PM
*11/*42	0	PM
*11/*44	0	PM
*11/*47	0	PM
*11/*51	0	PM
*11/*56	0	PM
*11/*57	0	PM
*11/*60	0	PM
*11/*62	0	PM
*11/*68	0	PM
*11/*69	0	PM
*11/*92	0	PM
*11/*96	0	PM
*11/*99	0	PM
*11/*100	0	PM
*11/*101	0	PM
*12/*12	0	PM
*12/*13	0	PM
*12/*114	0	PM
*12/*15	0	PM
*12/*18	0	PM
*12/*19	0	PM
*12/*20	0	PM
*12/*21	0	PM
*12/*31	0	PM
*12/*36	0	PM
*12/*36xN	0	PM
*12/*38	0	PM
*12/*40	0	PM
*12/*42	0	PM
*12/*44	0	PM
*12/*47	0	PM
*12/*51	0	PM
*12/*56	0	PM
*12/*57	0	PM
*12/*60	0	PM
*12/*62	0	PM
*12/*68	0	PM
*12/*69	0	PM
*12/*92	0	PM
*12/*96	0	PM
*12/*99	0	PM
*12/*100	0	PM
*12/*101	0	PM
*13/*13	0	PM
*13/*114	0	PM
*13/*15	0	PM
*13/*18	0	PM
*13/*19	0	PM
*13/*20	0	PM
*13/*21	0	PM
*13/*31	0	PM
*13/*36	0	PM
*13/*36xN	0	PM
*13/*38	0	PM
*13/*40	0	PM
*13/*42	0	PM
*13/*44	0	PM
*13/*47	0	PM
*13/*51	0	PM
*13/*56	0	PM
*13/*57	0	PM
*13/*60	0	PM
*13/*62	0	PM
*13/*68	0	PM
*13/*69	0	PM
*13/*92	0	PM
*13/*96	0	PM
*13/*99	0	PM
*13/*100	0	PM
*13/*101	0	PM
*114/*114	0	PM
*114/*15	0	PM
*114/*18	0	PM
*114/*19	0	PM
*114/*20	0	PM
*114/*21	0	PM
*114/*31	0	PM
*114/*36	0	PM
*114/*36xN	0	PM
*114/*38	0	PM
*114/*40	0	PM
*114/*42	0	PM
*114/*44	0	PM
*114/*47	0	PM
*114/*51	0	PM
*114/*56	0	PM
*114/*57	0	PM
*114/*60	0	PM
*114/*62	0	PM
*114/*68	0	PM
*114/*69	0	PM
*114/*92	0	PM
*114/*96	0	PM
*114/*99	0	PM
*114/*100	0	PM
*114/*101	0	PM
*15/*15	0	PM
*15/*18	0	PM
*15/*19	0	PM
*15/*20	0	PM
*15/*21	0	PM
*15/*31	0	PM
*15/*36	0	PM
*15/*36xN	0	PM
*15/*38	0	PM
*15/*40	0	PM
*15/*42	0	PM
*15/*44	0	PM
*15/*47	0	PM
*15/*51	0	PM
*15/*56	0	PM
*15/*57	0	PM
*15/*60	0	PM
*15/*62	0	PM
*15/*68	0	PM
*15/*69	0	PM
*15/*92	0	PM
*15/*96	0	PM
*15/*99	0	PM
*15/*100	0	PM
*15/*101	0	PM
*18/*18	0	PM
*18/*19	0	PM
*18/*20	0	PM
*18/*21	0	PM
*18/*31	0	PM
*18/*36	0	PM
*18/*36xN	0	PM
*18/*38	0	PM
*18/*40	0	PM
*18/*42	0	PM
*18/*44	0	PM
*18/*47	0	PM
*18/*51	0	PM
*18/*56	0	PM
*18/*57	0	PM
*18/*60	0	PM
*18/*62	0	PM
*18/*68	0	PM
*18/*69	0	PM
*18/*92	0	PM
*18/*96	0	PM
*18/*99	0	PM
*18/*100	0	PM
*18/*101	0	PM
*19/*19	0	PM
*19/*20	0	PM
*19/*21	0	PM
*19/*31	0	PM
*19/*36	0	PM
*19/*36xN	0	PM
*19/*38	0	PM
*19/*40	0	PM
*19/*42	0	PM
*19/*44	0	PM
*19/*47	0	PM
*19/*51	0	PM
*19/*56	0	PM
*19/*57	0	PM
*19/*60	0	PM
*19/*62	0	PM
*19/*68	0	PM
*19/*69	0	PM
*19/*92	0	PM
*19/*96	0	PM
*19/*99	0	PM
*19/*100	0	PM
*19/*101	0	PM
*20/*20	0	PM
*20/*21	0	PM
*20/*31	0	PM
*20/*36	0	PM
*20/*36xN	0	PM
*20/*38	0	PM
*20/*40	0	PM
*20/*42	0	PM
*20/*44	0	PM
*20/*47	0	PM
*20/*51	0	PM
*20/*56	0	PM
*20/*57	0	PM
*20/*60	0	PM
*20/*62	0	PM
*20/*68	0	PM
*20/*69	0	PM
*20/*92	0	PM
*20/*96	0	PM
*20/*99	0	PM
*20/*100	0	PM
*20/*101	0	PM
*21/*21	0	PM
*21/*31	0	PM
*21/*36	0	PM
*21/*36xN	0	PM
*21/*38	0	PM
*21/*40	0	PM
*21/*42	0	PM
*21/*44	0	PM
*21/*47	0	PM
*21/*51	0	PM
*21/*56	0	PM
*21/*57	0	PM
*21/*60	0	PM
*21/*62	0	PM
*21/*68	0	PM
*21/*69	0	PM
*21/*92	0	PM
*21/*96	0	PM
*21/*99	0	PM
*21/*100	0	PM
*21/*101	0	PM
*31/*31	0	PM
*31/*36	0	PM
*31/*36xN	0	PM
*31/*38	0	PM
*31/*40	0	PM
*31/*42	0	PM
*31/*44	0	PM
*31/*47	0	PM
*31/*51	0	PM
*31/*56	0	PM
*31/*57	0	PM
*31/*60	0	PM
*31/*62	0	PM
*31/*68	0	PM
*31/*69	0	PM
*31/*92	0	PM
*31/*96	0	PM
*31/*99	0	PM
*31/*100	0	PM
*31/*101	0	PM
*36/*36	0	PM
*36/*36xN	0	PM
*36/*38	0	PM
*36/*40	0	PM
*36/*42	0	PM
*36/*44	0	PM
*36/*47	0	PM
*36/*51	0	PM
*36/*56	0	PM
*36/*57	0	PM
*36/*60	0	PM
*36/*62	0	PM
*36/*68	0	PM
*36/*69	0	PM
*36/*92	0	PM
*36/*96	0	PM
*36/*99	0	PM
*36/*100	0	PM
*36/*101	0	PM
*36xN/*36xN	0	PM
*36xN/*38	0	PM
*36xN/*40	0	PM
*36xN/*42	0	PM
*36xN/*44	0	PM
*36xN/*47	0	PM
*36xN/*51	0	PM
*36xN/*56	0	PM
*36xN/*57	0	PM
*36xN/*60	0	PM
*36xN/*62	0	PM
*36xN/*68	0	PM
*36xN/*69	0	PM
*36xN/*92	0	PM
*36xN/*96	0	PM
*36xN/*99	0	PM
*36xN/*100	0	PM
*36xN/*101	0	PM
*38/*38	0	PM
*38/*40	0	PM
*38/*42	0	PM
*38/*44	0	PM
*38/*47	0	PM
*38/*51	0	PM
*38/*56	0	PM
*38/*57	0	PM
*38/*60	0	PM
*38/*62	0	PM
*38/*68	0	PM
*38/*69	0	PM
*38/*92	0	PM
*38/*96	0	PM
*38/*99	0	PM
*38/*100	0	PM
*38/*101	0	PM
*40/*40	0	PM
*40/*42	0	PM
*40/*44	0	PM
*40/*47	0	PM
*40/*51	0	PM
*40/*56	0	PM
*40/*57	0	PM
*40/*60	0	PM
*40/*62	0	PM
*40/*68	0	PM
*40/*69	0	PM
*40/*92	0	PM
*40/*96	0	PM
*40/*99	0	PM
*40/*100	0	PM
*40/*101	0	PM
*42/*42	0	PM
*42/*44	0	PM
*42/*47	0	PM
*42/*51	0	PM
*42/*56	0	PM
*42/*57	0	PM
*42/*60	0	PM
*42/*62	0	PM
*42/*68	0	PM
*42/*69	0	PM
*42/*92	0	PM
*42/*96	0	PM
*42/*99	0	PM
*42/*100	0	PM
*42/*101	0	PM
*44/*44	0	PM
*44/*47	0	PM
*44/*51	0	PM
*44/*56	0	PM
*44/*57	0	PM
*44/*60	0	PM
*44/*62	0	PM
*44/*68	0	PM
*44/*69	0	PM
*44/*92	0	PM
*44/*96	0	PM
*44/*99	0	PM
*44/*100	0	PM
*44/*101	0	PM
*47/*47	0	PM
*47/*51	0	PM
*47/*56	0	PM
*47/*57	0	PM
*47/*60	0	PM
*47/*62	0	PM
*47/*68	0	PM
*47/*69	0	PM
*47/*92	0	PM
*47/*96	0	PM
*47/*99	0	PM
*47/*100	0	PM
*47/*101	0	PM
*51/*51	0	PM
*51/*56	0	PM
*51/*57	0	PM
*51/*60	0	PM
*51/*62	0	PM
*51/*68	0	PM
*51/*69	0	PM
*51/*92	0	PM
*51/*96	0	PM
*51/*99	0	PM
*51/*100	0	PM
*51/*101	0	PM
*56/*56	0	PM
*56/*57	0	PM
*56/*60	0	PM
*56/*62	0	PM
*56/*68	0	PM
*56/*69	0	PM
*56/*92	0	PM
*56/*96	0	PM
*56/*99	0	PM
*56/*100	0	PM
*56/*101	0	PM
*57/*57	0	PM
*57/*60	0	PM
*57/*62	0	PM
*57/*68	0	PM
*57/*69	0	PM
*57/*92	0	PM
*57/*96	0	PM
*57/*99	0	PM
*57/*100	0	PM
*57/*101	0	PM
*60/*60	0	PM
*60/*62	0	PM
*60/*68	0	PM
*60/*69	0	PM
*60/*92	0	PM
*60/*96	0	PM
*60/*99	0	PM
*60/*100	0	PM
*60/*101	0	PM
*62/*62	0	PM
*62/*68	0	PM
*62/*69	0	PM
*62/*92	0	PM
*62/*96	0	PM
*62/*99	0	PM
*62/*100	0	PM
*62/*101	0	PM
*68/*68	0	PM
*68/*69	0	PM
*68/*92	0	PM
*68/*96	0	PM
*68/*99	0	PM
*68/*100	0	PM
*68/*101	0	PM
*69/*69	0	PM
*69/*92	0	PM
*69/*96	0	PM
*69/*99	0	PM
*69/*100	0	PM
*69/*101	0	PM
*92/*92	0	PM
*92/*96	0	PM
*92/*99	0	PM
*92/*100	0	PM
*92/*101	0	PM
*96/*96	0	PM
*96/*99	0	PM
*96/*100	0	PM
*96/*101	0	PM
*99/*99	0	PM
*99/*100	0	PM
*99/*101	0	PM
*100/*100	0	PM
*100/*101	0	PM
*101/*101	0	PM
*3/*10	0.25	IM 
*3xN/*10	0.25	IM 
*4/*10	0.25	IM 
*4xN/*10	0.25	IM 
*5/*10	0.25	IM 
*6/*10	0.25	IM 
*6xN/*10	0.25	IM 
*7/*10	0.25	IM 
*8/*10	0.25	IM 
*10/*11	0.25	IM 
*10/*12	0.25	IM 
*10/*13	0.25	IM 
*10/*114	0.25	IM 
*10/*15	0.25	IM 
*10/*18	0.25	IM 
*10/*19	0.25	IM 
*10/*20	0.25	IM 
*10/*21	0.25	IM 
*10/*31	0.25	IM 
*10/*36	0.25	IM 
*10/*36xN	0.25	IM 
*10/*38	0.25	IM 
*10/*40	0.25	IM 
*10/*42	0.25	IM 
*10/*44	0.25	IM 
*10/*47	0.25	IM 
*10/*51	0.25	IM 
*10/*56	0.25	IM 
*10/*57	0.25	IM 
*10/*60	0.25	IM 
*10/*62	0.25	IM 
*10/*68	0.25	IM 
*10/*69	0.25	IM 
*10/*92	0.25	IM 
*10/*96	0.25	IM 
*10/*99	0.25	IM 
*10/*100	0.25	IM 
*10/*101	0.25	IM 
*3/*9	0.5	IM 
*3/*10x2	0.5	IM 
*3/*14	0.5	IM 
*3/*17	0.5	IM 
*3/*29	0.5	IM 
*3/*41	0.5	IM 
*3/*49	0.5	IM 
*3/*50	0.5	IM 
*3/*54	0.5	IM 
*3/*55	0.5	IM 
*3/*59	0.5	IM 
*3/*72	0.5	IM 
*3/*84	0.5	IM 
*3xN/*9	0.5	IM 
*3xN/*10x2	0.5	IM 
*3xN/*14	0.5	IM 
*3xN/*17	0.5	IM 
*3xN/*29	0.5	IM 
*3xN/*41	0.5	IM 
*3xN/*49	0.5	IM 
*3xN/*50	0.5	IM 
*3xN/*54	0.5	IM 
*3xN/*55	0.5	IM 
*3xN/*59	0.5	IM 
*3xN/*72	0.5	IM 
*3xN/*84	0.5	IM 
*4/*9	0.5	IM 
*4/*10x2	0.5	IM 
*4/*14	0.5	IM 
*4/*17	0.5	IM 
*4/*29	0.5	IM 
*4/*41	0.5	IM 
*4/*49	0.5	IM 
*4/*50	0.5	IM 
*4/*54	0.5	IM 
*4/*55	0.5	IM 
*4/*59	0.5	IM 
*4/*72	0.5	IM 
*4/*84	0.5	IM 
*4xN/*9	0.5	IM 
*4xN/*10x2	0.5	IM 
*4xN/*14	0.5	IM 
*4xN/*17	0.5	IM 
*4xN/*29	0.5	IM 
*4xN/*41	0.5	IM 
*4xN/*49	0.5	IM 
*4xN/*50	0.5	IM 
*4xN/*54	0.5	IM 
*4xN/*55	0.5	IM 
*4xN/*59	0.5	IM 
*4xN/*72	0.5	IM 
*4xN/*84	0.5	IM 
*5/*9	0.5	IM 
*5/*10x2	0.5	IM 
*5/*14	0.5	IM 
*5/*17	0.5	IM 
*5/*29	0.5	IM 
*5/*41	0.5	IM 
*5/*49	0.5	IM 
*5/*50	0.5	IM 
*5/*54	0.5	IM 
*5/*55	0.5	IM 
*5/*59	0.5	IM 
*5/*72	0.5	IM 
*5/*84	0.5	IM 
*6/*9	0.5	IM 
*6/*10x2	0.5	IM 
*6/*14	0.5	IM 
*6/*17	0.5	IM 
*6/*29	0.5	IM 
*6/*41	0.5	IM 
*6/*49	0.5	IM 
*6/*50	0.5	IM 
*6/*54	0.5	IM 
*6/*55	0.5	IM 
*6/*59	0.5	IM 
*6/*72	0.5	IM 
*6/*84	0.5	IM 
*6xN/*9	0.5	IM 
*6xN/*10x2	0.5	IM 
*6xN/*14	0.5	IM 
*6xN/*17	0.5	IM 
*6xN/*29	0.5	IM 
*6xN/*41	0.5	IM 
*6xN/*49	0.5	IM 
*6xN/*50	0.5	IM 
*6xN/*54	0.5	IM 
*6xN/*55	0.5	IM 
*6xN/*59	0.5	IM 
*6xN/*72	0.5	IM 
*6xN/*84	0.5	IM 
*7/*9	0.5	IM 
*7/*10x2	0.5	IM 
*7/*14	0.5	IM 
*7/*17	0.5	IM 
*7/*29	0.5	IM 
*7/*41	0.5	IM 
*7/*49	0.5	IM 
*7/*50	0.5	IM 
*7/*54	0.5	IM 
*7/*55	0.5	IM 
*7/*59	0.5	IM 
*7/*72	0.5	IM 
*7/*84	0.5	IM 
*8/*9	0.5	IM 
*8/*10x2	0.5	IM 
*8/*14	0.5	IM 
*8/*17	0.5	IM 
*8/*29	0.5	IM 
*8/*41	0.5	IM 
*8/*49	0.5	IM 
*8/*50	0.5	IM 
*8/*54	0.5	IM 
*8/*55	0.5	IM 
*8/*59	0.5	IM 
*8/*72	0.5	IM 
*8/*84	0.5	IM 
*9/*11	0.5	IM 
*9/*12	0.5	IM 
*9/*13	0.5	IM 
*9/*114	0.5	IM 
*9/*15	0.5	IM 
*9/*18	0.5	IM 
*9/*19	0.5	IM 
*9/*20	0.5	IM 
*9/*21	0.5	IM 
*9/*31	0.5	IM 
*9/*36	0.5	IM 
*9/*36xN	0.5	IM 
*9/*38	0.5	IM 
*9/*40	0.5	IM 
*9/*42	0.5	IM 
*9/*44	0.5	IM 
*9/*47	0.5	IM 
*9/*51	0.5	IM 
*9/*56	0.5	IM 
*9/*57	0.5	IM 
*9/*60	0.5	IM 
*9/*62	0.5	IM 
*9/*68	0.5	IM 
*9/*69	0.5	IM 
*9/*92	0.5	IM 
*9/*96	0.5	IM 
*9/*99	0.5	IM 
*9/*100	0.5	IM 
*9/*101	0.5	IM 
*10/*10	0.5	IM 
*10x2/*11	0.5	IM 
*10x2/*12	0.5	IM 
*10x2/*13	0.5	IM 
*10x2/*114	0.5	IM 
*10x2/*15	0.5	IM 
*10x2/*18	0.5	IM 
*10x2/*19	0.5	IM 
*10x2/*20	0.5	IM 
*10x2/*21	0.5	IM 
*10x2/*31	0.5	IM 
*10x2/*36	0.5	IM 
*10x2/*36xN	0.5	IM 
*10x2/*38	0.5	IM 
*10x2/*40	0.5	IM 
*10x2/*42	0.5	IM 
*10x2/*44	0.5	IM 
*10x2/*47	0.5	IM 
*10x2/*51	0.5	IM 
*10x2/*56	0.5	IM 
*10x2/*57	0.5	IM 
*10x2/*60	0.5	IM 
*10x2/*62	0.5	IM 
*10x2/*68	0.5	IM 
*10x2/*69	0.5	IM 
*10x2/*92	0.5	IM 
*10x2/*96	0.5	IM 
*10x2/*99	0.5	IM 
*10x2/*100	0.5	IM 
*10x2/*101	0.5	IM 
*11/*14	0.5	IM 
*11/*17	0.5	IM 
*11/*29	0.5	IM 
*11/*41	0.5	IM 
*11/*49	0.5	IM 
*11/*50	0.5	IM 
*11/*54	0.5	IM 
*11/*55	0.5	IM 
*11/*59	0.5	IM 
*11/*72	0.5	IM 
*11/*84	0.5	IM 
*12/*14	0.5	IM 
*12/*17	0.5	IM 
*12/*29	0.5	IM 
*12/*41	0.5	IM 
*12/*49	0.5	IM 
*12/*50	0.5	IM 
*12/*54	0.5	IM 
*12/*55	0.5	IM 
*12/*59	0.5	IM 
*12/*72	0.5	IM 
*12/*84	0.5	IM 
*13/*14	0.5	IM 
*13/*17	0.5	IM 
*13/*29	0.5	IM 
*13/*41	0.5	IM 
*13/*49	0.5	IM 
*13/*50	0.5	IM 
*13/*54	0.5	IM 
*13/*55	0.5	IM 
*13/*59	0.5	IM 
*13/*72	0.5	IM 
*13/*84	0.5	IM 
*114/*14	0.5	IM 
*114/*17	0.5	IM 
*114/*29	0.5	IM 
*114/*41	0.5	IM 
*114/*49	0.5	IM 
*114/*50	0.5	IM 
*114/*54	0.5	IM 
*114/*55	0.5	IM 
*114/*59	0.5	IM 
*114/*72	0.5	IM 
*114/*84	0.5	IM 
*14/*15	0.5	IM 
*14/*18	0.5	IM 
*14/*19	0.5	IM 
*14/*20	0.5	IM 
*14/*21	0.5	IM 
*14/*31	0.5	IM 
*14/*36	0.5	IM 
*14/*36xN	0.5	IM 
*14/*38	0.5	IM 
*14/*40	0.5	IM 
*14/*42	0.5	IM 
*14/*44	0.5	IM 
*14/*47	0.5	IM 
*14/*51	0.5	IM 
*14/*56	0.5	IM 
*14/*57	0.5	IM 
*14/*60	0.5	IM 
*14/*62	0.5	IM 
*14/*68	0.5	IM 
*14/*69	0.5	IM 
*14/*92	0.5	IM 
*14/*96	0.5	IM 
*14/*99	0.5	IM 
*14/*100	0.5	IM 
*14/*101	0.5	IM 
*15/*17	0.5	IM 
*15/*29	0.5	IM 
*15/*41	0.5	IM 
*15/*49	0.5	IM 
*15/*50	0.5	IM 
*15/*54	0.5	IM 
*15/*55	0.5	IM 
*15/*59	0.5	IM 
*15/*72	0.5	IM 
*15/*84	0.5	IM 
*17/*18	0.5	IM 
*17/*19	0.5	IM 
*17/*20	0.5	IM 
*17/*21	0.5	IM 
*17/*31	0.5	IM 
*17/*36	0.5	IM 
*17/*36xN	0.5	IM 
*17/*38	0.5	IM 
*17/*40	0.5	IM 
*17/*42	0.5	IM 
*17/*44	0.5	IM 
*17/*47	0.5	IM 
*17/*51	0.5	IM 
*17/*56	0.5	IM 
*17/*57	0.5	IM 
*17/*60	0.5	IM 
*17/*62	0.5	IM 
*17/*68	0.5	IM 
*17/*69	0.5	IM 
*17/*92	0.5	IM 
*17/*96	0.5	IM 
*17/*99	0.5	IM 
*17/*100	0.5	IM 
*17/*101	0.5	IM 
*18/*29	0.5	IM 
*18/*41	0.5	IM 
*18/*49	0.5	IM 
*18/*50	0.5	IM 
*18/*54	0.5	IM 
*18/*55	0.5	IM 
*18/*59	0.5	IM 
*18/*72	0.5	IM 
*18/*84	0.5	IM 
*19/*29	0.5	IM 
*19/*41	0.5	IM 
*19/*49	0.5	IM 
*19/*50	0.5	IM 
*19/*54	0.5	IM 
*19/*55	0.5	IM 
*19/*59	0.5	IM 
*19/*72	0.5	IM 
*19/*84	0.5	IM 
*20/*29	0.5	IM 
*20/*41	0.5	IM 
*20/*49	0.5	IM 
*20/*50	0.5	IM 
*20/*54	0.5	IM 
*20/*55	0.5	IM 
*20/*59	0.5	IM 
*20/*72	0.5	IM 
*20/*84	0.5	IM 
*21/*29	0.5	IM 
*21/*41	0.5	IM 
*21/*49	0.5	IM 
*21/*50	0.5	IM 
*21/*54	0.5	IM 
*21/*55	0.5	IM 
*21/*59	0.5	IM 
*21/*72	0.5	IM 
*21/*84	0.5	IM 
*29/*31	0.5	IM 
*29/*36	0.5	IM 
*29/*36xN	0.5	IM 
*29/*38	0.5	IM 
*29/*40	0.5	IM 
*29/*42	0.5	IM 
*29/*44	0.5	IM 
*29/*47	0.5	IM 
*29/*51	0.5	IM 
*29/*56	0.5	IM 
*29/*57	0.5	IM 
*29/*60	0.5	IM 
*29/*62	0.5	IM 
*29/*68	0.5	IM 
*29/*69	0.5	IM 
*29/*92	0.5	IM 
*29/*96	0.5	IM 
*29/*99	0.5	IM 
*29/*100	0.5	IM 
*29/*101	0.5	IM 
*31/*41	0.5	IM 
*31/*49	0.5	IM 
*31/*50	0.5	IM 
*31/*54	0.5	IM 
*31/*55	0.5	IM 
*31/*59	0.5	IM 
*31/*72	0.5	IM 
*31/*84	0.5	IM 
*36/*41	0.5	IM 
*36/*49	0.5	IM 
*36/*50	0.5	IM 
*36/*54	0.5	IM 
*36/*55	0.5	IM 
*36/*59	0.5	IM 
*36/*72	0.5	IM 
*36/*84	0.5	IM 
*36xN/*41	0.5	IM 
*36xN/*49	0.5	IM 
*36xN/*50	0.5	IM 
*36xN/*54	0.5	IM 
*36xN/*55	0.5	IM 
*36xN/*59	0.5	IM 
*36xN/*72	0.5	IM 
*36xN/*84	0.5	IM 
*38/*41	0.5	IM 
*38/*49	0.5	IM 
*38/*50	0.5	IM 
*38/*54	0.5	IM 
*38/*55	0.5	IM 
*38/*59	0.5	IM 
*38/*72	0.5	IM 
*38/*84	0.5	IM 
*40/*41	0.5	IM 
*40/*49	0.5	IM 
*40/*50	0.5	IM 
*40/*54	0.5	IM 
*40/*55	0.5	IM 
*40/*59	0.5	IM 
*40/*72	0.5	IM 
*40/*84	0.5	IM 
*41/*42	0.5	IM 
*41/*44	0.5	IM 
*41/*47	0.5	IM 
*41/*51	0.5	IM 
*41/*56	0.5	IM 
*41/*57	0.5	IM 
*41/*60	0.5	IM 
*41/*62	0.5	IM 
*41/*68	0.5	IM 
*41/*69	0.5	IM 
*41/*92	0.5	IM 
*41/*96	0.5	IM 
*41/*99	0.5	IM 
*41/*100	0.5	IM 
*41/*101	0.5	IM 
*42/*49	0.5	IM 
*42/*50	0.5	IM 
*42/*54	0.5	IM 
*42/*55	0.5	IM 
*42/*59	0.5	IM 
*42/*72	0.5	IM 
*42/*84	0.5	IM 
*44/*49	0.5	IM 
*44/*50	0.5	IM 
*44/*54	0.5	IM 
*44/*55	0.5	IM 
*44/*59	0.5	IM 
*44/*72	0.5	IM 
*44/*84	0.5	IM 
*47/*49	0.5	IM 
*47/*50	0.5	IM 
*47/*54	0.5	IM 
*47/*55	0.5	IM 
*47/*59	0.5	IM 
*47/*72	0.5	IM 
*47/*84	0.5	IM 
*49/*51	0.5	IM 
*49/*56	0.5	IM 
*49/*57	0.5	IM 
*49/*60	0.5	IM 
*49/*62	0.5	IM 
*49/*68	0.5	IM 
*49/*69	0.5	IM 
*49/*92	0.5	IM 
*49/*96	0.5	IM 
*49/*99	0.5	IM 
*49/*100	0.5	IM 
*49/*101	0.5	IM 
*50/*51	0.5	IM 
*50/*56	0.5	IM 
*50/*57	0.5	IM 
*50/*60	0.5	IM 
*50/*62	0.5	IM 
*50/*68	0.5	IM 
*50/*69	0.5	IM 
*50/*92	0.5	IM 
*50/*96	0.5	IM 
*50/*99	0.5	IM 
*50/*100	0.5	IM 
*50/*101	0.5	IM 
*51/*54	0.5	IM 
*51/*55	0.5	IM 
*51/*59	0.5	IM 
*51/*72	0.5	IM 
*51/*84	0.5	IM 
*54/*56	0.5	IM 
*54/*57	0.5	IM 
*54/*60	0.5	IM 
*54/*62	0.5	IM 
*54/*68	0.5	IM 
*54/*69	0.5	IM 
*54/*92	0.5	IM 
*54/*96	0.5	IM 
*54/*99	0.5	IM 
*54/*100	0.5	IM 
*54/*101	0.5	IM 
*55/*56	0.5	IM 
*55/*57	0.5	IM 
*55/*60	0.5	IM 
*55/*62	0.5	IM 
*55/*68	0.5	IM 
*55/*69	0.5	IM 
*55/*92	0.5	IM 
*55/*96	0.5	IM 
*55/*99	0.5	IM 
*55/*100	0.5	IM 
*55/*101	0.5	IM 
*56/*59	0.5	IM 
*56/*72	0.5	IM 
*56/*84	0.5	IM 
*57/*59	0.5	IM 
*57/*72	0.5	IM 
*57/*84	0.5	IM 
*59/*60	0.5	IM 
*59/*62	0.5	IM 
*59/*68	0.5	IM 
*59/*69	0.5	IM 
*59/*92	0.5	IM 
*59/*96	0.5	IM 
*59/*99	0.5	IM 
*59/*100	0.5	IM 
*59/*101	0.5	IM 
*60/*72	0.5	IM 
*60/*84	0.5	IM 
*62/*72	0.5	IM 
*62/*84	0.5	IM 
*68/*72	0.5	IM 
*68/*84	0.5	IM 
*69/*72	0.5	IM 
*69/*84	0.5	IM 
*72/*92	0.5	IM 
*72/*96	0.5	IM 
*72/*99	0.5	IM 
*72/*100	0.5	IM 
*72/*101	0.5	IM 
*84/*92	0.5	IM 
*84/*96	0.5	IM 
*84/*99	0.5	IM 
*84/*100	0.5	IM 
*84/*101	0.5	IM 
*9/*10	0.75	IM 
*10/*10x2	0.75	IM 
*10/*14	0.75	IM 
*10/*17	0.75	IM 
*10/*29	0.75	IM 
*10/*41	0.75	IM 
*10/*49	0.75	IM 
*10/*50	0.75	IM 
*10/*54	0.75	IM 
*10/*55	0.75	IM 
*10/*59	0.75	IM 
*10/*72	0.75	IM 
*10/*84	0.75	IM 
*1/*3	1	IM 
*1/*3xN	1	IM 
*1/*4	1	IM 
*1/*4xN	1	IM 
*1/*5	1	IM 
*1/*6	1	IM 
*1/*6xN	1	IM 
*1/*7	1	IM 
*1/*8	1	IM 
*1/*11	1	IM 
*1/*12	1	IM 
*1/*13	1	IM 
*1/*114	1	IM 
*1/*15	1	IM 
*1/*18	1	IM 
*1/*19	1	IM 
*1/*20	1	IM 
*1/*21	1	IM 
*1/*31	1	IM 
*1/*36	1	IM 
*1/*36xN	1	IM 
*1/*38	1	IM 
*1/*40	1	IM 
*1/*42	1	IM 
*1/*44	1	IM 
*1/*47	1	IM 
*1/*51	1	IM 
*1/*56	1	IM 
*1/*57	1	IM 
*1/*60	1	IM 
*1/*62	1	IM 
*1/*68	1	IM 
*1/*69	1	IM 
*1/*92	1	IM 
*1/*96	1	IM 
*1/*99	1	IM 
*1/*100	1	IM 
*1/*101	1	IM 
*2 /*3	1	IM 
*2 /*3xN	1	IM 
*2 /*4	1	IM 
*2 /*4xN	1	IM 
*2 /*5	1	IM 
*2 /*6	1	IM 
*2 /*6xN	1	IM 
*2 /*7	1	IM 
*2 /*8	1	IM 
*2 /*11	1	IM 
*2 /*12	1	IM 
*2 /*13	1	IM 
*2 /*114	1	IM 
*2 /*15	1	IM 
*2 /*18	1	IM 
*2 /*19	1	IM 
*2 /*20	1	IM 
*2 /*21	1	IM 
*2 /*31	1	IM 
*2 /*36	1	IM 
*2 /*36xN	1	IM 
*2 /*38	1	IM 
*2 /*40	1	IM 
*2 /*42	1	IM 
*2 /*44	1	IM 
*2 /*47	1	IM 
*2 /*51	1	IM 
*2 /*56	1	IM 
*2 /*57	1	IM 
*2 /*60	1	IM 
*2 /*62	1	IM 
*2 /*68	1	IM 
*2 /*69	1	IM 
*2 /*92	1	IM 
*2 /*96	1	IM 
*2 /*99	1	IM 
*2 /*100	1	IM 
*2 /*101	1	IM 
*3/*9x2	1	IM 
*3/*17x2	1	IM 
*3/*27	1	IM 
*3/*29x2	1	IM 
*3/*33	1	IM 
*3/*34	1	IM 
*3/*35	1	IM 
*3/*39	1	IM 
*3/*41x2	1	IM 
*3/*45	1	IM 
*3/*46	1	IM 
*3/*48	1	IM 
*3/*53	1	IM 
*3xN/*9x2	1	IM 
*3xN/*17x2	1	IM 
*3xN/*27	1	IM 
*3xN/*29x2	1	IM 
*3xN/*33	1	IM 
*3xN/*34	1	IM 
*3xN/*35	1	IM 
*3xN/*39	1	IM 
*3xN/*41x2	1	IM 
*3xN/*45	1	IM 
*3xN/*46	1	IM 
*3xN/*48	1	IM 
*3xN/*53	1	IM 
*4/*9x2	1	IM 
*4/*17x2	1	IM 
*4/*27	1	IM 
*4/*29x2	1	IM 
*4/*33	1	IM 
*4/*34	1	IM 
*4/*35	1	IM 
*4/*39	1	IM 
*4/*41x2	1	IM 
*4/*45	1	IM 
*4/*46	1	IM 
*4/*48	1	IM 
*4/*53	1	IM 
*4xN/*9x2	1	IM 
*4xN/*17x2	1	IM 
*4xN/*27	1	IM 
*4xN/*29x2	1	IM 
*4xN/*33	1	IM 
*4xN/*34	1	IM 
*4xN/*35	1	IM 
*4xN/*39	1	IM 
*4xN/*41x2	1	IM 
*4xN/*45	1	IM 
*4xN/*46	1	IM 
*4xN/*48	1	IM 
*4xN/*53	1	IM 
*5/*9x2	1	IM 
*5/*17x2	1	IM 
*5/*27	1	IM 
*5/*29x2	1	IM 
*5/*33	1	IM 
*5/*34	1	IM 
*5/*35	1	IM 
*5/*39	1	IM 
*5/*41x2	1	IM 
*5/*45	1	IM 
*5/*46	1	IM 
*5/*48	1	IM 
*5/*53	1	IM 
*6/*9x2	1	IM 
*6/*17x2	1	IM 
*6/*27	1	IM 
*6/*29x2	1	IM 
*6/*33	1	IM 
*6/*34	1	IM 
*6/*35	1	IM 
*6/*39	1	IM 
*6/*41x2	1	IM 
*6/*45	1	IM 
*6/*46	1	IM 
*6/*48	1	IM 
*6/*53	1	IM 
*6xN/*9x2	1	IM 
*6xN/*17x2	1	IM 
*6xN/*27	1	IM 
*6xN/*29x2	1	IM 
*6xN/*33	1	IM 
*6xN/*34	1	IM 
*6xN/*35	1	IM 
*6xN/*39	1	IM 
*6xN/*41x2	1	IM 
*6xN/*45	1	IM 
*6xN/*46	1	IM 
*6xN/*48	1	IM 
*6xN/*53	1	IM 
*7/*9x2	1	IM 
*7/*17x2	1	IM 
*7/*27	1	IM 
*7/*29x2	1	IM 
*7/*33	1	IM 
*7/*34	1	IM 
*7/*35	1	IM 
*7/*39	1	IM 
*7/*41x2	1	IM 
*7/*45	1	IM 
*7/*46	1	IM 
*7/*48	1	IM 
*7/*53	1	IM 
*8/*9x2	1	IM 
*8/*17x2	1	IM 
*8/*27	1	IM 
*8/*29x2	1	IM 
*8/*33	1	IM 
*8/*34	1	IM 
*8/*35	1	IM 
*8/*39	1	IM 
*8/*41x2	1	IM 
*8/*45	1	IM 
*8/*46	1	IM 
*8/*48	1	IM 
*8/*53	1	IM 
*9/*9	1	IM 
*9/*10x2	1	IM 
*9/*14	1	IM 
*9/*17	1	IM 
*9/*29	1	IM 
*9/*41	1	IM 
*9/*49	1	IM 
*9/*50	1	IM 
*9/*54	1	IM 
*9/*55	1	IM 
*9/*59	1	IM 
*9/*72	1	IM 
*9/*84	1	IM 
*9x2/*11	1	IM 
*9x2/*12	1	IM 
*9x2/*13	1	IM 
*9x2/*114	1	IM 
*9x2/*15	1	IM 
*9x2/*18	1	IM 
*9x2/*19	1	IM 
*9x2/*20	1	IM 
*9x2/*21	1	IM 
*9x2/*31	1	IM 
*9x2/*36	1	IM 
*9x2/*36xN	1	IM 
*9x2/*38	1	IM 
*9x2/*40	1	IM 
*9x2/*42	1	IM 
*9x2/*44	1	IM 
*9x2/*47	1	IM 
*9x2/*51	1	IM 
*9x2/*56	1	IM 
*9x2/*57	1	IM 
*9x2/*60	1	IM 
*9x2/*62	1	IM 
*9x2/*68	1	IM 
*9x2/*69	1	IM 
*9x2/*92	1	IM 
*9x2/*96	1	IM 
*9x2/*99	1	IM 
*9x2/*100	1	IM 
*9x2/*101	1	IM 
*10x2/*10x2	1	IM 
*10x2/*14	1	IM 
*10x2/*17	1	IM 
*10x2/*29	1	IM 
*10x2/*41	1	IM 
*10x2/*49	1	IM 
*10x2/*50	1	IM 
*10x2/*54	1	IM 
*10x2/*55	1	IM 
*10x2/*59	1	IM 
*10x2/*72	1	IM 
*10x2/*84	1	IM 
*11/*17x2	1	IM 
*11/*27	1	IM 
*11/*29x2	1	IM 
*11/*33	1	IM 
*11/*34	1	IM 
*11/*35	1	IM 
*11/*39	1	IM 
*11/*41x2	1	IM 
*11/*45	1	IM 
*11/*46	1	IM 
*11/*48	1	IM 
*11/*53	1	IM 
*12/*17x2	1	IM 
*12/*27	1	IM 
*12/*29x2	1	IM 
*12/*33	1	IM 
*12/*34	1	IM 
*12/*35	1	IM 
*12/*39	1	IM 
*12/*41x2	1	IM 
*12/*45	1	IM 
*12/*46	1	IM 
*12/*48	1	IM 
*12/*53	1	IM 
*13/*17x2	1	IM 
*13/*27	1	IM 
*13/*29x2	1	IM 
*13/*33	1	IM 
*13/*34	1	IM 
*13/*35	1	IM 
*13/*39	1	IM 
*13/*41x2	1	IM 
*13/*45	1	IM 
*13/*46	1	IM 
*13/*48	1	IM 
*13/*53	1	IM 
*114/*17x2	1	IM 
*114/*27	1	IM 
*114/*29x2	1	IM 
*114/*33	1	IM 
*114/*34	1	IM 
*114/*35	1	IM 
*114/*39	1	IM 
*114/*41x2	1	IM 
*114/*45	1	IM 
*114/*46	1	IM 
*114/*48	1	IM 
*114/*53	1	IM 
*14/*14	1	IM 
*14/*17	1	IM 
*14/*29	1	IM 
*14/*41	1	IM 
*14/*49	1	IM 
*14/*50	1	IM 
*14/*54	1	IM 
*14/*55	1	IM 
*14/*59	1	IM 
*14/*72	1	IM 
*14/*84	1	IM 
*15/*17x2	1	IM 
*15/*27	1	IM 
*15/*29x2	1	IM 
*15/*33	1	IM 
*15/*34	1	IM 
*15/*35	1	IM 
*15/*39	1	IM 
*15/*41x2	1	IM 
*15/*45	1	IM 
*15/*46	1	IM 
*15/*48	1	IM 
*15/*53	1	IM 
*17/*17	1	IM 
*17/*29	1	IM 
*17/*41	1	IM 
*17/*49	1	IM 
*17/*50	1	IM 
*17/*54	1	IM 
*17/*55	1	IM 
*17/*59	1	IM 
*17/*72	1	IM 
*17/*84	1	IM 
*17x2/*18	1	IM 
*17x2/*19	1	IM 
*17x2/*20	1	IM 
*17x2/*21	1	IM 
*17x2/*31	1	IM 
*17x2/*36	1	IM 
*17x2/*36xN	1	IM 
*17x2/*38	1	IM 
*17x2/*40	1	IM 
*17x2/*42	1	IM 
*17x2/*44	1	IM 
*17x2/*47	1	IM 
*17x2/*51	1	IM 
*17x2/*56	1	IM 
*17x2/*57	1	IM 
*17x2/*60	1	IM 
*17x2/*62	1	IM 
*17x2/*68	1	IM 
*17x2/*69	1	IM 
*17x2/*92	1	IM 
*17x2/*96	1	IM 
*17x2/*99	1	IM 
*17x2/*100	1	IM 
*17x2/*101	1	IM 
*18/*27	1	IM 
*18/*29x2	1	IM 
*18/*33	1	IM 
*18/*34	1	IM 
*18/*35	1	IM 
*18/*39	1	IM 
*18/*41x2	1	IM 
*18/*45	1	IM 
*18/*46	1	IM 
*18/*48	1	IM 
*18/*53	1	IM 
*19/*27	1	IM 
*19/*29x2	1	IM 
*19/*33	1	IM 
*19/*34	1	IM 
*19/*35	1	IM 
*19/*39	1	IM 
*19/*41x2	1	IM 
*19/*45	1	IM 
*19/*46	1	IM 
*19/*48	1	IM 
*19/*53	1	IM 
*20/*27	1	IM 
*20/*29x2	1	IM 
*20/*33	1	IM 
*20/*34	1	IM 
*20/*35	1	IM 
*20/*39	1	IM 
*20/*41x2	1	IM 
*20/*45	1	IM 
*20/*46	1	IM 
*20/*48	1	IM 
*20/*53	1	IM 
*21/*27	1	IM 
*21/*29x2	1	IM 
*21/*33	1	IM 
*21/*34	1	IM 
*21/*35	1	IM 
*21/*39	1	IM 
*21/*41x2	1	IM 
*21/*45	1	IM 
*21/*46	1	IM 
*21/*48	1	IM 
*21/*53	1	IM 
*27/*31	1	IM 
*27/*36	1	IM 
*27/*36xN	1	IM 
*27/*38	1	IM 
*27/*40	1	IM 
*27/*42	1	IM 
*27/*44	1	IM 
*27/*47	1	IM 
*27/*51	1	IM 
*27/*56	1	IM 
*27/*57	1	IM 
*27/*60	1	IM 
*27/*62	1	IM 
*27/*68	1	IM 
*27/*69	1	IM 
*27/*92	1	IM 
*27/*96	1	IM 
*27/*99	1	IM 
*27/*100	1	IM 
*27/*101	1	IM 
*29/*29	1	IM 
*29/*41	1	IM 
*29/*49	1	IM 
*29/*50	1	IM 
*29/*54	1	IM 
*29/*55	1	IM 
*29/*59	1	IM 
*29/*72	1	IM 
*29/*84	1	IM 
*29x2/*31	1	IM 
*29x2/*36	1	IM 
*29x2/*36xN	1	IM 
*29x2/*38	1	IM 
*29x2/*40	1	IM 
*29x2/*42	1	IM 
*29x2/*44	1	IM 
*29x2/*47	1	IM 
*29x2/*51	1	IM 
*29x2/*56	1	IM 
*29x2/*57	1	IM 
*29x2/*60	1	IM 
*29x2/*62	1	IM 
*29x2/*68	1	IM 
*29x2/*69	1	IM 
*29x2/*92	1	IM 
*29x2/*96	1	IM 
*29x2/*99	1	IM 
*29x2/*100	1	IM 
*29x2/*101	1	IM 
*31/*33	1	IM 
*31/*34	1	IM 
*31/*35	1	IM 
*31/*39	1	IM 
*31/*41x2	1	IM 
*31/*45	1	IM 
*31/*46	1	IM 
*31/*48	1	IM 
*31/*53	1	IM 
*33/*36	1	IM 
*33/*36xN	1	IM 
*33/*38	1	IM 
*33/*40	1	IM 
*33/*42	1	IM 
*33/*44	1	IM 
*33/*47	1	IM 
*33/*51	1	IM 
*33/*56	1	IM 
*33/*57	1	IM 
*33/*60	1	IM 
*33/*62	1	IM 
*33/*68	1	IM 
*33/*69	1	IM 
*33/*92	1	IM 
*33/*96	1	IM 
*33/*99	1	IM 
*33/*100	1	IM 
*33/*101	1	IM 
*34/*36	1	IM 
*34/*36xN	1	IM 
*34/*38	1	IM 
*34/*40	1	IM 
*34/*42	1	IM 
*34/*44	1	IM 
*34/*47	1	IM 
*34/*51	1	IM 
*34/*56	1	IM 
*34/*57	1	IM 
*34/*60	1	IM 
*34/*62	1	IM 
*34/*68	1	IM 
*34/*69	1	IM 
*34/*92	1	IM 
*34/*96	1	IM 
*34/*99	1	IM 
*34/*100	1	IM 
*34/*101	1	IM 
*35/*36	1	IM 
*35/*36xN	1	IM 
*35/*38	1	IM 
*35/*40	1	IM 
*35/*42	1	IM 
*35/*44	1	IM 
*35/*47	1	IM 
*35/*51	1	IM 
*35/*56	1	IM 
*35/*57	1	IM 
*35/*60	1	IM 
*35/*62	1	IM 
*35/*68	1	IM 
*35/*69	1	IM 
*35/*92	1	IM 
*35/*96	1	IM 
*35/*99	1	IM 
*35/*100	1	IM 
*35/*101	1	IM 
*36/*39	1	IM 
*36/*41x2	1	IM 
*36/*45	1	IM 
*36/*46	1	IM 
*36/*48	1	IM 
*36/*53	1	IM 
*36xN/*39	1	IM 
*36xN/*41x2	1	IM 
*36xN/*45	1	IM 
*36xN/*46	1	IM 
*36xN/*48	1	IM 
*36xN/*53	1	IM 
*38/*39	1	IM 
*38/*41x2	1	IM 
*38/*45	1	IM 
*38/*46	1	IM 
*38/*48	1	IM 
*38/*53	1	IM 
*39/*40	1	IM 
*39/*42	1	IM 
*39/*44	1	IM 
*39/*47	1	IM 
*39/*51	1	IM 
*39/*56	1	IM 
*39/*57	1	IM 
*39/*60	1	IM 
*39/*62	1	IM 
*39/*68	1	IM 
*39/*69	1	IM 
*39/*92	1	IM 
*39/*96	1	IM 
*39/*99	1	IM 
*39/*100	1	IM 
*39/*101	1	IM 
*40/*41x2	1	IM 
*40/*45	1	IM 
*40/*46	1	IM 
*40/*48	1	IM 
*40/*53	1	IM 
*41/*41	1	IM 
*41/*49	1	IM 
*41/*50	1	IM 
*41/*54	1	IM 
*41/*55	1	IM 
*41/*59	1	IM 
*41/*72	1	IM 
*41/*84	1	IM 
*41x2/*42	1	IM 
*41x2/*44	1	IM 
*41x2/*47	1	IM 
*41x2/*51	1	IM 
*41x2/*56	1	IM 
*41x2/*57	1	IM 
*41x2/*60	1	IM 
*41x2/*62	1	IM 
*41x2/*68	1	IM 
*41x2/*69	1	IM 
*41x2/*92	1	IM 
*41x2/*96	1	IM 
*41x2/*99	1	IM 
*41x2/*100	1	IM 
*41x2/*101	1	IM 
*42/*45	1	IM 
*42/*46	1	IM 
*42/*48	1	IM 
*42/*53	1	IM 
*44/*45	1	IM 
*44/*46	1	IM 
*44/*48	1	IM 
*44/*53	1	IM 
*45/*47	1	IM 
*45/*51	1	IM 
*45/*56	1	IM 
*45/*57	1	IM 
*45/*60	1	IM 
*45/*62	1	IM 
*45/*68	1	IM 
*45/*69	1	IM 
*45/*92	1	IM 
*45/*96	1	IM 
*45/*99	1	IM 
*45/*100	1	IM 
*45/*101	1	IM 
*46/*47	1	IM 
*46/*51	1	IM 
*46/*56	1	IM 
*46/*57	1	IM 
*46/*60	1	IM 
*46/*62	1	IM 
*46/*68	1	IM 
*46/*69	1	IM 
*46/*92	1	IM 
*46/*96	1	IM 
*46/*99	1	IM 
*46/*100	1	IM 
*46/*101	1	IM 
*47/*48	1	IM 
*47/*53	1	IM 
*48/*51	1	IM 
*48/*56	1	IM 
*48/*57	1	IM 
*48/*60	1	IM 
*48/*62	1	IM 
*48/*68	1	IM 
*48/*69	1	IM 
*48/*92	1	IM 
*48/*96	1	IM 
*48/*99	1	IM 
*48/*100	1	IM 
*48/*101	1	IM 
*49/*49	1	IM 
*49/*50	1	IM 
*49/*54	1	IM 
*49/*55	1	IM 
*49/*59	1	IM 
*49/*72	1	IM 
*49/*84	1	IM 
*50/*50	1	IM 
*50/*54	1	IM 
*50/*55	1	IM 
*50/*59	1	IM 
*50/*72	1	IM 
*50/*84	1	IM 
*51/*53	1	IM 
*53/*56	1	IM 
*53/*57	1	IM 
*53/*60	1	IM 
*53/*62	1	IM 
*53/*68	1	IM 
*53/*69	1	IM 
*53/*92	1	IM 
*53/*96	1	IM 
*53/*99	1	IM 
*53/*100	1	IM 
*53/*101	1	IM 
*54/*54	1	IM 
*54/*55	1	IM 
*54/*59	1	IM 
*54/*72	1	IM 
*54/*84	1	IM 
*55/*55	1	IM 
*55/*59	1	IM 
*55/*72	1	IM 
*55/*84	1	IM 
*59/*59	1	IM 
*59/*72	1	IM 
*59/*84	1	IM 
*72/*72	1	IM 
*72/*84	1	IM 
*84/*84	1	IM 
*1/*10	1.25	EM 
*2 /*10	1.25	EM 
*9x2/*10	1.25	EM 
*10/*17x2	1.25	EM 
*10/*27	1.25	EM 
*10/*29x2	1.25	EM 
*10/*33	1.25	EM 
*10/*34	1.25	EM 
*10/*35	1.25	EM 
*10/*39	1.25	EM 
*10/*41x2	1.25	EM 
*10/*45	1.25	EM 
*10/*46	1.25	EM 
*10/*48	1.25	EM 
*10/*53	1.25	EM 
*1/*9	1.5	EM 
*1/*10x2	1.5	EM 
*1/*14	1.5	EM 
*1/*17	1.5	EM 
*1/*29	1.5	EM 
*1/*41	1.5	EM 
*1/*49	1.5	EM 
*1/*50	1.5	EM 
*1/*54	1.5	EM 
*1/*55	1.5	EM 
*1/*59	1.5	EM 
*1/*72	1.5	EM 
*1/*84	1.5	EM 
*2 /*9	1.5	EM 
*2 /*10x2	1.5	EM 
*2 /*14	1.5	EM 
*2 /*17	1.5	EM 
*2 /*29	1.5	EM 
*2 /*41	1.5	EM 
*2 /*49	1.5	EM 
*2 /*50	1.5	EM 
*2 /*54	1.5	EM 
*2 /*55	1.5	EM 
*2 /*59	1.5	EM 
*2 /*72	1.5	EM 
*2 /*84	1.5	EM 
*9/*9x2	1.5	EM 
*9/*17x2	1.5	EM 
*9/*27	1.5	EM 
*9/*29x2	1.5	EM 
*9/*33	1.5	EM 
*9/*34	1.5	EM 
*9/*35	1.5	EM 
*9/*39	1.5	EM 
*9/*41x2	1.5	EM 
*9/*45	1.5	EM 
*9/*46	1.5	EM 
*9/*48	1.5	EM 
*9/*53	1.5	EM 
*9x2/*10x2	1.5	EM 
*9x2/*14	1.5	EM 
*9x2/*17	1.5	EM 
*9x2/*29	1.5	EM 
*9x2/*41	1.5	EM 
*9x2/*49	1.5	EM 
*9x2/*50	1.5	EM 
*9x2/*54	1.5	EM 
*9x2/*55	1.5	EM 
*9x2/*59	1.5	EM 
*9x2/*72	1.5	EM 
*9x2/*84	1.5	EM 
*10x2/*17x2	1.5	EM 
*10x2/*27	1.5	EM 
*10x2/*29x2	1.5	EM 
*10x2/*33	1.5	EM 
*10x2/*34	1.5	EM 
*10x2/*35	1.5	EM 
*10x2/*39	1.5	EM 
*10x2/*41x2	1.5	EM 
*10x2/*45	1.5	EM 
*10x2/*46	1.5	EM 
*10x2/*48	1.5	EM 
*10x2/*53	1.5	EM 
*14/*17x2	1.5	EM 
*14/*27	1.5	EM 
*14/*29x2	1.5	EM 
*14/*33	1.5	EM 
*14/*34	1.5	EM 
*14/*35	1.5	EM 
*14/*39	1.5	EM 
*14/*41x2	1.5	EM 
*14/*45	1.5	EM 
*14/*46	1.5	EM 
*14/*48	1.5	EM 
*14/*53	1.5	EM 
*17/*17x2	1.5	EM 
*17/*27	1.5	EM 
*17/*29x2	1.5	EM 
*17/*33	1.5	EM 
*17/*34	1.5	EM 
*17/*35	1.5	EM 
*17/*39	1.5	EM 
*17/*41x2	1.5	EM 
*17/*45	1.5	EM 
*17/*46	1.5	EM 
*17/*48	1.5	EM 
*17/*53	1.5	EM 
*17x2/*29	1.5	EM 
*17x2/*41	1.5	EM 
*17x2/*49	1.5	EM 
*17x2/*50	1.5	EM 
*17x2/*54	1.5	EM 
*17x2/*55	1.5	EM 
*17x2/*59	1.5	EM 
*17x2/*72	1.5	EM 
*17x2/*84	1.5	EM 
*27/*29	1.5	EM 
*27/*41	1.5	EM 
*27/*49	1.5	EM 
*27/*50	1.5	EM 
*27/*54	1.5	EM 
*27/*55	1.5	EM 
*27/*59	1.5	EM 
*27/*72	1.5	EM 
*27/*84	1.5	EM 
*29/*29x2	1.5	EM 
*29/*33	1.5	EM 
*29/*34	1.5	EM 
*29/*35	1.5	EM 
*29/*39	1.5	EM 
*29/*41x2	1.5	EM 
*29/*45	1.5	EM 
*29/*46	1.5	EM 
*29/*48	1.5	EM 
*29/*53	1.5	EM 
*29x2/*41	1.5	EM 
*29x2/*49	1.5	EM 
*29x2/*50	1.5	EM 
*29x2/*54	1.5	EM 
*29x2/*55	1.5	EM 
*29x2/*59	1.5	EM 
*29x2/*72	1.5	EM 
*29x2/*84	1.5	EM 
*33/*41	1.5	EM 
*33/*49	1.5	EM 
*33/*50	1.5	EM 
*33/*54	1.5	EM 
*33/*55	1.5	EM 
*33/*59	1.5	EM 
*33/*72	1.5	EM 
*33/*84	1.5	EM 
*34/*41	1.5	EM 
*34/*49	1.5	EM 
*34/*50	1.5	EM 
*34/*54	1.5	EM 
*34/*55	1.5	EM 
*34/*59	1.5	EM 
*34/*72	1.5	EM 
*34/*84	1.5	EM 
*35/*41	1.5	EM 
*35/*49	1.5	EM 
*35/*50	1.5	EM 
*35/*54	1.5	EM 
*35/*55	1.5	EM 
*35/*59	1.5	EM 
*35/*72	1.5	EM 
*35/*84	1.5	EM 
*39/*41	1.5	EM 
*39/*49	1.5	EM 
*39/*50	1.5	EM 
*39/*54	1.5	EM 
*39/*55	1.5	EM 
*39/*59	1.5	EM 
*39/*72	1.5	EM 
*39/*84	1.5	EM 
*41/*41x2	1.5	EM 
*41/*45	1.5	EM 
*41/*46	1.5	EM 
*41/*48	1.5	EM 
*41/*53	1.5	EM 
*41x2/*49	1.5	EM 
*41x2/*50	1.5	EM 
*41x2/*54	1.5	EM 
*41x2/*55	1.5	EM 
*41x2/*59	1.5	EM 
*41x2/*72	1.5	EM 
*41x2/*84	1.5	EM 
*45/*49	1.5	EM 
*45/*50	1.5	EM 
*45/*54	1.5	EM 
*45/*55	1.5	EM 
*45/*59	1.5	EM 
*45/*72	1.5	EM 
*45/*84	1.5	EM 
*46/*49	1.5	EM 
*46/*50	1.5	EM 
*46/*54	1.5	EM 
*46/*55	1.5	EM 
*46/*59	1.5	EM 
*46/*72	1.5	EM 
*46/*84	1.5	EM 
*48/*49	1.5	EM 
*48/*50	1.5	EM 
*48/*54	1.5	EM 
*48/*55	1.5	EM 
*48/*59	1.5	EM 
*48/*72	1.5	EM 
*48/*84	1.5	EM 
*49/*53	1.5	EM 
*50/*53	1.5	EM 
*53/*54	1.5	EM 
*53/*55	1.5	EM 
*53/*59	1.5	EM 
*53/*72	1.5	EM 
*53/*84	1.5	EM 
*1/*1	2	EM 
*1/*2 	2	EM 
*1/*9x2	2	EM 
*1/*17x2	2	EM 
*1/*27	2	EM 
*1/*29x2	2	EM 
*1/*33	2	EM 
*1/*34	2	EM 
*1/*35	2	EM 
*1/*39	2	EM 
*1/*41x2	2	EM 
*1/*45	2	EM 
*1/*46	2	EM 
*1/*48	2	EM 
*1/*53	2	EM 
*1x2/*3	2	EM 
*1x2/*3xN	2	EM 
*1x2/*4	2	EM 
*1x2/*4xN	2	EM 
*1x2/*5	2	EM 
*1x2/*6	2	EM 
*1x2/*6xN	2	EM 
*1x2/*7	2	EM 
*1x2/*8	2	EM 
*1x2/*11	2	EM 
*1x2/*12	2	EM 
*1x2/*13	2	EM 
*1x2/*114	2	EM 
*1x2/*15	2	EM 
*1x2/*18	2	EM 
*1x2/*19	2	EM 
*1x2/*20	2	EM 
*1x2/*21	2	EM 
*1x2/*31	2	EM 
*1x2/*36	2	EM 
*1x2/*36xN	2	EM 
*1x2/*38	2	EM 
*1x2/*40	2	EM 
*1x2/*42	2	EM 
*1x2/*44	2	EM 
*1x2/*47	2	EM 
*1x2/*51	2	EM 
*1x2/*56	2	EM 
*1x2/*57	2	EM 
*1x2/*60	2	EM 
*1x2/*62	2	EM 
*1x2/*68	2	EM 
*1x2/*69	2	EM 
*1x2/*92	2	EM 
*1x2/*96	2	EM 
*1x2/*99	2	EM 
*1x2/*100	2	EM 
*1x2/*101	2	EM 
*2 /*2 	2	EM 
*2 /*9x2	2	EM 
*2 /*17x2	2	EM 
*2 /*27	2	EM 
*2 /*29x2	2	EM 
*2 /*33	2	EM 
*2 /*34	2	EM 
*2 /*35	2	EM 
*2 /*39	2	EM 
*2 /*41x2	2	EM 
*2 /*45	2	EM 
*2 /*46	2	EM 
*2 /*48	2	EM 
*2 /*53	2	EM 
*2x2/*3	2	EM 
*2x2/*3xN	2	EM 
*2x2/*4	2	EM 
*2x2/*4xN	2	EM 
*2x2/*5	2	EM 
*2x2/*6	2	EM 
*2x2/*6xN	2	EM 
*2x2/*7	2	EM 
*2x2/*8	2	EM 
*2x2/*11	2	EM 
*2x2/*12	2	EM 
*2x2/*13	2	EM 
*2x2/*114	2	EM 
*2x2/*15	2	EM 
*2x2/*18	2	EM 
*2x2/*19	2	EM 
*2x2/*20	2	EM 
*2x2/*21	2	EM 
*2x2/*31	2	EM 
*2x2/*36	2	EM 
*2x2/*36xN	2	EM 
*2x2/*38	2	EM 
*2x2/*40	2	EM 
*2x2/*42	2	EM 
*2x2/*44	2	EM 
*2x2/*47	2	EM 
*2x2/*51	2	EM 
*2x2/*56	2	EM 
*2x2/*57	2	EM 
*2x2/*60	2	EM 
*2x2/*62	2	EM 
*2x2/*68	2	EM 
*2x2/*69	2	EM 
*2x2/*92	2	EM 
*2x2/*96	2	EM 
*2x2/*99	2	EM 
*2x2/*100	2	EM 
*2x2/*101	2	EM 
*3/*35x2	2	EM 
*3/*45x2	2	EM 
*3xN/*35x2	2	EM 
*3xN/*45x2	2	EM 
*4/*35x2	2	EM 
*4/*45x2	2	EM 
*4xN/*35x2	2	EM 
*4xN/*45x2	2	EM 
*5/*35x2	2	EM 
*5/*45x2	2	EM 
*6/*35x2	2	EM 
*6/*45x2	2	EM 
*6xN/*35x2	2	EM 
*6xN/*45x2	2	EM 
*7/*35x2	2	EM 
*7/*45x2	2	EM 
*8/*35x2	2	EM 
*8/*45x2	2	EM 
*9x2/*9x2	2	EM 
*9x2/*17x2	2	EM 
*9x2/*27	2	EM 
*9x2/*29x2	2	EM 
*9x2/*33	2	EM 
*9x2/*34	2	EM 
*9x2/*35	2	EM 
*9x2/*39	2	EM 
*9x2/*41x2	2	EM 
*9x2/*45	2	EM 
*9x2/*46	2	EM 
*9x2/*48	2	EM 
*9x2/*53	2	EM 
*11/*35x2	2	EM 
*11/*45x2	2	EM 
*12/*35x2	2	EM 
*12/*45x2	2	EM 
*13/*35x2	2	EM 
*13/*45x2	2	EM 
*114/*35x2	2	EM 
*114/*45x2	2	EM 
*15/*35x2	2	EM 
*15/*45x2	2	EM 
*17x2/*17x2	2	EM 
*17x2/*27	2	EM 
*17x2/*29x2	2	EM 
*17x2/*33	2	EM 
*17x2/*34	2	EM 
*17x2/*35	2	EM 
*17x2/*39	2	EM 
*17x2/*41x2	2	EM 
*17x2/*45	2	EM 
*17x2/*46	2	EM 
*17x2/*48	2	EM 
*17x2/*53	2	EM 
*18/*35x2	2	EM 
*18/*45x2	2	EM 
*19/*35x2	2	EM 
*19/*45x2	2	EM 
*20/*35x2	2	EM 
*20/*45x2	2	EM 
*21/*35x2	2	EM 
*21/*45x2	2	EM 
*27/*27	2	EM 
*27/*29x2	2	EM 
*27/*33	2	EM 
*27/*34	2	EM 
*27/*35	2	EM 
*27/*39	2	EM 
*27/*41x2	2	EM 
*27/*45	2	EM 
*27/*46	2	EM 
*27/*48	2	EM 
*27/*53	2	EM 
*29x2/*29x2	2	EM 
*29x2/*33	2	EM 
*29x2/*34	2	EM 
*29x2/*35	2	EM 
*29x2/*39	2	EM 
*29x2/*41x2	2	EM 
*29x2/*45	2	EM 
*29x2/*46	2	EM 
*29x2/*48	2	EM 
*29x2/*53	2	EM 
*31/*35x2	2	EM 
*31/*45x2	2	EM 
*33/*33	2	EM 
*33/*34	2	EM 
*33/*35	2	EM 
*33/*39	2	EM 
*33/*41x2	2	EM 
*33/*45	2	EM 
*33/*46	2	EM 
*33/*48	2	EM 
*33/*53	2	EM 
*34/*34	2	EM 
*34/*35	2	EM 
*34/*39	2	EM 
*34/*41x2	2	EM 
*34/*45	2	EM 
*34/*46	2	EM 
*34/*48	2	EM 
*34/*53	2	EM 
*35/*35	2	EM 
*35/*39	2	EM 
*35/*41x2	2	EM 
*35/*45	2	EM 
*35/*46	2	EM 
*35/*48	2	EM 
*35/*53	2	EM 
*35x2/*36	2	EM 
*35x2/*36xN	2	EM 
*35x2/*38	2	EM 
*35x2/*40	2	EM 
*35x2/*42	2	EM 
*35x2/*44	2	EM 
*35x2/*47	2	EM 
*35x2/*51	2	EM 
*35x2/*56	2	EM 
*35x2/*57	2	EM 
*35x2/*60	2	EM 
*35x2/*62	2	EM 
*35x2/*68	2	EM 
*35x2/*69	2	EM 
*35x2/*92	2	EM 
*35x2/*96	2	EM 
*35x2/*99	2	EM 
*35x2/*100	2	EM 
*35x2/*101	2	EM 
*36/*45x2	2	EM 
*36xN/*45x2	2	EM 
*38/*45x2	2	EM 
*39/*39	2	EM 
*39/*41x2	2	EM 
*39/*45	2	EM 
*39/*46	2	EM 
*39/*48	2	EM 
*39/*53	2	EM 
*40/*45x2	2	EM 
*41x2/*41x2	2	EM 
*41x2/*45	2	EM 
*41x2/*46	2	EM 
*41x2/*48	2	EM 
*41x2/*53	2	EM 
*42/*45x2	2	EM 
*44/*45x2	2	EM 
*45/*45	2	EM 
*45/*46	2	EM 
*45/*48	2	EM 
*45/*53	2	EM 
*45x2/*47	2	EM 
*45x2/*51	2	EM 
*45x2/*56	2	EM 
*45x2/*57	2	EM 
*45x2/*60	2	EM 
*45x2/*62	2	EM 
*45x2/*68	2	EM 
*45x2/*69	2	EM 
*45x2/*92	2	EM 
*45x2/*96	2	EM 
*45x2/*99	2	EM 
*45x2/*100	2	EM 
*45x2/*101	2	EM 
*46/*46	2	EM 
*46/*48	2	EM 
*46/*53	2	EM 
*48/*48	2	EM 
*48/*53	2	EM 
*53/*53	2	EM 
*1x2/*10	2.25	EM 
*2x2/*10	2.25	EM 
*10/*35x2	2.25	EM 
*10/*45x2	2.25	EM 
*1x2/*9	2.5	UM 
*1x2/*10x2	2.5	UM 
*1x2/*14	2.5	UM 
*1x2/*17	2.5	UM 
*1x2/*29	2.5	UM 
*1x2/*41	2.5	UM 
*1x2/*49	2.5	UM 
*1x2/*50	2.5	UM 
*1x2/*54	2.5	UM 
*1x2/*55	2.5	UM 
*1x2/*59	2.5	UM 
*1x2/*72	2.5	UM 
*1x2/*84	2.5	UM 
*2x2/*9	2.5	UM 
*2x2/*10x2	2.5	UM 
*2x2/*14	2.5	UM 
*2x2/*17	2.5	UM 
*2x2/*29	2.5	UM 
*2x2/*41	2.5	UM 
*2x2/*49	2.5	UM 
*2x2/*50	2.5	UM 
*2x2/*54	2.5	UM 
*2x2/*55	2.5	UM 
*2x2/*59	2.5	UM 
*2x2/*72	2.5	UM 
*2x2/*84	2.5	UM 
*9/*35x2	2.5	UM 
*9/*45x2	2.5	UM 
*10x2/*35x2	2.5	UM 
*10x2/*45x2	2.5	UM 
*14/*35x2	2.5	UM 
*14/*45x2	2.5	UM 
*17/*35x2	2.5	UM 
*17/*45x2	2.5	UM 
*29/*35x2	2.5	UM 
*29/*45x2	2.5	UM 
*35x2/*41	2.5	UM 
*35x2/*49	2.5	UM 
*35x2/*50	2.5	UM 
*35x2/*54	2.5	UM 
*35x2/*55	2.5	UM 
*35x2/*59	2.5	UM 
*35x2/*72	2.5	UM 
*35x2/*84	2.5	UM 
*41/*45x2	2.5	UM 
*45x2/*49	2.5	UM 
*45x2/*50	2.5	UM 
*45x2/*54	2.5	UM 
*45x2/*55	2.5	UM 
*45x2/*59	2.5	UM 
*45x2/*72	2.5	UM 
*45x2/*84	2.5	UM 
*1/*1x2	3	UM 
*1/*2x2	3	UM 
*1/*35x2	3	UM 
*1/*45x2	3	UM 
*1x2/*2 	3	UM 
*1x2/*9x2	3	UM 
*1x2/*17x2	3	UM 
*1x2/*27	3	UM 
*1x2/*29x2	3	UM 
*1x2/*33	3	UM 
*1x2/*34	3	UM 
*1x2/*35	3	UM 
*1x2/*39	3	UM 
*1x2/*41x2	3	UM 
*1x2/*45	3	UM 
*1x2/*46	3	UM 
*1x2/*48	3	UM 
*1x2/*53	3	UM 
*2 /*2x2	3	UM 
*2 /*35x2	3	UM 
*2 /*45x2	3	UM 
*2x2/*9x2	3	UM 
*2x2/*17x2	3	UM 
*2x2/*27	3	UM 
*2x2/*29x2	3	UM 
*2x2/*33	3	UM 
*2x2/*34	3	UM 
*2x2/*35	3	UM 
*2x2/*39	3	UM 
*2x2/*41x2	3	UM 
*2x2/*45	3	UM 
*2x2/*46	3	UM 
*2x2/*48	3	UM 
*2x2/*53	3	UM 
*9x2/*35x2	3	UM 
*9x2/*45x2	3	UM 
*17x2/*35x2	3	UM 
*17x2/*45x2	3	UM 
*27/*35x2	3	UM 
*27/*45x2	3	UM 
*29x2/*35x2	3	UM 
*29x2/*45x2	3	UM 
*33/*35x2	3	UM 
*33/*45x2	3	UM 
*34/*35x2	3	UM 
*34/*45x2	3	UM 
*35/*35x2	3	UM 
*35/*45x2	3	UM 
*35x2/*39	3	UM 
*35x2/*41x2	3	UM 
*35x2/*45	3	UM 
*35x2/*46	3	UM 
*35x2/*48	3	UM 
*35x2/*53	3	UM 
*39/*45x2	3	UM 
*41x2/*45x2	3	UM 
*45/*45x2	3	UM 
*45x2/*46	3	UM 
*45x2/*48	3	UM 
*45x2/*53	3	UM 
*1x2/*1x2	4	UM 
*1x2/*2x2	4	UM 
*1x2/*35x2	4	UM 
*1x2/*45x2	4	UM 
*2x2/*2x2	4	UM 
*2x2/*35x2	4	UM 
*2x2/*45x2	4	UM 
*35x2/*35x2	4	UM 
*35x2/*45x2	4	UM 
*45x2/*45x2	4	UM 
*1xM/*3	>2	UM 
*1xM/*3xN	>2	UM 
*1xM/*4	>2	UM 
*1xM/*4xN	>2	UM 
*1xM/*5	>2	UM 
*1xM/*6	>2	UM 
*1xM/*6xN	>2	UM 
*1xM/*7	>2	UM 
*1xM/*8	>2	UM 
*1xM/*11	>2	UM 
*1xM/*12	>2	UM 
*1xM/*13	>2	UM 
*1xM/*114	>2	UM 
*1xM/*15	>2	UM 
*1xM/*18	>2	UM 
*1xM/*19	>2	UM 
*1xM/*20	>2	UM 
*1xM/*21	>2	UM 
*1xM/*31	>2	UM 
*1xM/*36	>2	UM 
*1xM/*36xN	>2	UM 
*1xM/*38	>2	UM 
*1xM/*40	>2	UM 
*1xM/*42	>2	UM 
*1xM/*44	>2	UM 
*1xM/*47	>2	UM 
*1xM/*51	>2	UM 
*1xM/*56	>2	UM 
*1xM/*57	>2	UM 
*1xM/*60	>2	UM 
*1xM/*62	>2	UM 
*1xM/*68	>2	UM 
*1xM/*69	>2	UM 
*1xM/*92	>2	UM 
*1xM/*96	>2	UM 
*1xM/*99	>2	UM 
*1xM/*100	>2	UM 
*1xM/*101	>2	UM 
*2xM/*3	>2	UM 
*2xM/*3xN	>2	UM 
*2xM/*4	>2	UM 
*2xM/*4xN	>2	UM 
*2xM/*5	>2	UM 
*2xM/*6	>2	UM 
*2xM/*6xN	>2	UM 
*2xM/*7	>2	UM 
*2xM/*8	>2	UM 
*2xM/*11	>2	UM 
*2xM/*12	>2	UM 
*2xM/*13	>2	UM 
*2xM/*114	>2	UM 
*2xM/*15	>2	UM 
*2xM/*18	>2	UM 
*2xM/*19	>2	UM 
*2xM/*20	>2	UM 
*2xM/*21	>2	UM 
*2xM/*31	>2	UM 
*2xM/*36	>2	UM 
*2xM/*36xN	>2	UM 
*2xM/*38	>2	UM 
*2xM/*40	>2	UM 
*2xM/*42	>2	UM 
*2xM/*44	>2	UM 
*2xM/*47	>2	UM 
*2xM/*51	>2	UM 
*2xM/*56	>2	UM 
*2xM/*57	>2	UM 
*2xM/*60	>2	UM 
*2xM/*62	>2	UM 
*2xM/*68	>2	UM 
*2xM/*69	>2	UM 
*2xM/*92	>2	UM 
*2xM/*96	>2	UM 
*2xM/*99	>2	UM 
*2xM/*100	>2	UM 
*2xM/*101	>2	UM 
*3/*35xM	>2	UM 
*3/*45xM	>2	UM 
*3xN/*35xM	>2	UM 
*3xN/*45xM	>2	UM 
*4/*35xM	>2	UM 
*4/*45xM	>2	UM 
*4xN/*35xM	>2	UM 
*4xN/*45xM	>2	UM 
*5/*35xM	>2	UM 
*5/*45xM	>2	UM 
*6/*35xM	>2	UM 
*6/*45xM	>2	UM 
*6xN/*35xM	>2	UM 
*6xN/*45xM	>2	UM 
*7/*35xM	>2	UM 
*7/*45xM	>2	UM 
*8/*35xM	>2	UM 
*8/*45xM	>2	UM 
*11/*35xM	>2	UM 
*11/*45xM	>2	UM 
*12/*35xM	>2	UM 
*12/*45xM	>2	UM 
*13/*35xM	>2	UM 
*13/*45xM	>2	UM 
*114/*35xM	>2	UM 
*114/*45xM	>2	UM 
*15/*35xM	>2	UM 
*15/*45xM	>2	UM 
*18/*35xM	>2	UM 
*18/*45xM	>2	UM 
*19/*35xM	>2	UM 
*19/*45xM	>2	UM 
*20/*35xM	>2	UM 
*20/*45xM	>2	UM 
*21/*35xM	>2	UM 
*21/*45xM	>2	UM 
*31/*35xM	>2	UM 
*31/*45xM	>2	UM 
*35xM/*36	>2	UM 
*35xM/*36xN	>2	UM 
*35xM/*38	>2	UM 
*35xM/*40	>2	UM 
*35xM/*42	>2	UM 
*35xM/*44	>2	UM 
*35xM/*47	>2	UM 
*35xM/*51	>2	UM 
*35xM/*56	>2	UM 
*35xM/*57	>2	UM 
*35xM/*60	>2	UM 
*35xM/*62	>2	UM 
*35xM/*68	>2	UM 
*35xM/*69	>2	UM 
*35xM/*92	>2	UM 
*35xM/*96	>2	UM 
*35xM/*99	>2	UM 
*35xM/*100	>2	UM 
*35xM/*101	>2	UM 
*36/*45xM	>2	UM 
*36xN/*45xM	>2	UM 
*38/*45xM	>2	UM 
*40/*45xM	>2	UM 
*42/*45xM	>2	UM 
*44/*45xM	>2	UM 
*45xM/*47	>2	UM 
*45xM/*51	>2	UM 
*45xM/*56	>2	UM 
*45xM/*57	>2	UM 
*45xM/*60	>2	UM 
*45xM/*62	>2	UM 
*45xM/*68	>2	UM 
*45xM/*69	>2	UM 
*45xM/*92	>2	UM 
*45xM/*96	>2	UM 
*45xM/*99	>2	UM 
*45xM/*100	>2	UM 
*45xM/*101	>2	UM 
*1xM/*10	>2.25	UM 
*2xM/*10	>2.25	UM 
*10/*35xM	>2.25	UM 
*10/*45xM	>2.25	UM 
*1xM/*9	>2.5	UM 
*1xM/*10x2	>2.5	UM 
*1xM/*14	>2.5	UM 
*1xM/*17	>2.5	UM 
*1xM/*29	>2.5	UM 
*1xM/*41	>2.5	UM 
*1xM/*49	>2.5	UM 
*1xM/*50	>2.5	UM 
*1xM/*54	>2.5	UM 
*1xM/*55	>2.5	UM 
*1xM/*59	>2.5	UM 
*1xM/*72	>2.5	UM 
*1xM/*84	>2.5	UM 
*2xM/*9	>2.5	UM 
*2xM/*10x2	>2.5	UM 
*2xM/*14	>2.5	UM 
*2xM/*17	>2.5	UM 
*2xM/*29	>2.5	UM 
*2xM/*41	>2.5	UM 
*2xM/*49	>2.5	UM 
*2xM/*50	>2.5	UM 
*2xM/*54	>2.5	UM 
*2xM/*55	>2.5	UM 
*2xM/*59	>2.5	UM 
*2xM/*72	>2.5	UM 
*2xM/*84	>2.5	UM 
*9/*35xM	>2.5	UM 
*9/*45xM	>2.5	UM 
*10x2/*35xM	>2.5	UM 
*10x2/*45xM	>2.5	UM 
*14/*35xM	>2.5	UM 
*14/*45xM	>2.5	UM 
*17/*35xM	>2.5	UM 
*17/*45xM	>2.5	UM 
*29/*35xM	>2.5	UM 
*29/*45xM	>2.5	UM 
*35xM/*41	>2.5	UM 
*35xM/*49	>2.5	UM 
*35xM/*50	>2.5	UM 
*35xM/*54	>2.5	UM 
*35xM/*55	>2.5	UM 
*35xM/*59	>2.5	UM 
*35xM/*72	>2.5	UM 
*35xM/*84	>2.5	UM 
*41/*45xM	>2.5	UM 
*45xM/*49	>2.5	UM 
*45xM/*50	>2.5	UM 
*45xM/*54	>2.5	UM 
*45xM/*55	>2.5	UM 
*45xM/*59	>2.5	UM 
*45xM/*72	>2.5	UM 
*45xM/*84	>2.5	UM 
*1/*1xM	>3	UM 
*1/*2xM	>3	UM 
*1/*35xM	>3	UM 
*1/*45xM	>3	UM 
*1xM/*2 	>3	UM 
*1xM/*9x2	>3	UM 
*1xM/*17x2	>3	UM 
*1xM/*27	>3	UM 
*1xM/*29x2	>3	UM 
*1xM/*33	>3	UM 
*1xM/*34	>3	UM 
*1xM/*35	>3	UM 
*1xM/*39	>3	UM 
*1xM/*41x2	>3	UM 
*1xM/*45	>3	UM 
*1xM/*46	>3	UM 
*1xM/*48	>3	UM 
*1xM/*53	>3	UM 
*2 /*2xM	>3	UM 
*2 /*35xM	>3	UM 
*2 /*45xM	>3	UM 
*2xM/*9x2	>3	UM 
*2xM/*17x2	>3	UM 
*2xM/*27	>3	UM 
*2xM/*29x2	>3	UM 
*2xM/*33	>3	UM 
*2xM/*34	>3	UM 
*2xM/*35	>3	UM 
*2xM/*39	>3	UM 
*2xM/*45	>3	UM 
*2xM/*46	>3	UM 
*2xM/*48	>3	UM 
*2xM/*53	>3	UM 
*9x2/*35xM	>3	UM 
*9x2/*45xM	>3	UM 
*17x2/*35xM	>3	UM 
*17x2/*45xM	>3	UM 
*27/*35xM	>3	UM 
*27/*45xM	>3	UM 
*29x2/*35xM	>3	UM 
*29x2/*45xM	>3	UM 
*33/*35xM	>3	UM 
*33/*45xM	>3	UM 
*34/*35xM	>3	UM 
*34/*45xM	>3	UM 
*35/*35xM	>3	UM 
*35/*45xM	>3	UM 
*35xM/*39	>3	UM 
*35xM/*41x2	>3	UM 
*35xM/*45	>3	UM 
*35xM/*46	>3	UM 
*35xM/*48	>3	UM 
*35xM/*53	>3	UM 
*39/*45xM	>3	UM 
*41x2/*45xM	>3	UM 
*45/*45xM	>3	UM 
*45xM/*46	>3	UM 
*45xM/*48	>3	UM 
*45xM/*53	>3	UM 
*1x2/*1xM	>4	UM 
*1x2/*2xM	>4	UM 
*1x2/*35xM	>4	UM 
*1x2/*45xM	>4	UM 
*1xM/*1xM	>4	UM 
*1xM/*2x2	>4	UM 
*1xM/*2xM	>4	UM 
*1xM/*35x2	>4	UM 
*1xM/*35xM	>4	UM 
*1xM/*45x2	>4	UM 
*1xM/*45xM	>4	UM 
*2x2/*2xM	>4	UM 
*2x2/*35xM	>4	UM 
*2x2/*45xM	>4	UM 
*2xM/*35x2	>4	UM 
*2xM/*35xM	>4	UM 
*2xM/*45x2	>4	UM 
*2xM/*45xM	>4	UM 
*35x2/*35xM	>4	UM 
*35x2/*45xM	>4	UM 
*35xM/*35xM	>4	UM 
*35xM/*45x2	>4	UM 
*35xM/*45xM	>4	UM 
*45x2/*45xM	>4	UM 
*45xM/*45xM	>4	UM 
